[225月2026 16:29:06.152] [main/INFO] [cpw.mods.modlauncher.Launcher/MODLAUNCHER]: ModLauncher running: args [--launchTarget, forgeclientdev, --version, 21.1.228, --assetIndex, 17, --assetsDir, C:\\Users\\LHR\\.gradle\\caches\\neoformruntime\\assets, --gameDir, ., --fml.fmlVersion, 4.0.42, --fml.mcVersion, 1.21.1, --fml.neoForgeVersion, 21.1.228, --fml.neoFormVersion, 20240808.144430]
[225月2026 16:29:06.158] [main/INFO] [cpw.mods.modlauncher.Launcher/MODLAUNCHER]: JVM identified as Oracle Corporation OpenJDK 64-Bit Server VM 21+35-2513
[225月2026 16:29:06.162] [main/INFO] [cpw.mods.modlauncher.Launcher/MODLAUNCHER]: ModLauncher 11.0.5+main.901c6ea8 starting: java version 21 by Oracle Corporation; OS Windows 10 arch amd64 version 10.0
[225月2026 16:29:06.209] [main/DEBUG] [cpw.mods.modlauncher.LaunchServiceHandler/MODLAUNCHER]: Found launch services [minecraft,forgeclient,forgedatauserdev,testharness,forgeserverdev,forgeserveruserdev,forgejunitdev,forgeclientdev,forgeclientuserdev,forgeserver,forgejunituserdev,forgedatadev]
[225月2026 16:29:06.253] [main/DEBUG] [cpw.mods.modlauncher.LaunchPluginHandler/MODLAUNCHER]: Found launch plugins: [mixin,slf4jfixer,runtime_enum_extender,accesstransformer,runtimedistcleaner]
[225月2026 16:29:06.267] [main/DEBUG] [cpw.mods.modlauncher.TransformationServicesHandler/MODLAUNCHER]: Discovering transformation services
[225月2026 16:29:06.275] [main/DEBUG] [net.neoforged.fml.loading.FMLPaths/CORE]: Path GAMEDIR is C:\Users\LHR\Desktop\TRAE\flan\Flans-Mod-NeoForge-1.21.1\run
[225月2026 16:29:06.275] [main/DEBUG] [net.neoforged.fml.loading.FMLPaths/CORE]: Path MODSDIR is C:\Users\LHR\Desktop\TRAE\flan\Flans-Mod-NeoForge-1.21.1\run\mods
[225月2026 16:29:06.276] [main/DEBUG] [net.neoforged.fml.loading.FMLPaths/CORE]: Path CONFIGDIR is C:\Users\LHR\Desktop\TRAE\flan\Flans-Mod-NeoForge-1.21.1\run\config
[225月2026 16:29:06.278] [main/DEBUG] [net.neoforged.fml.loading.FMLPaths/CORE]: Path FMLCONFIG is C:\Users\LHR\Desktop\TRAE\flan\Flans-Mod-NeoForge-1.21.1\run\config\fml.toml
[225月2026 16:29:06.351] [main/DEBUG] [net.neoforged.fml.loading.targets.CommonLaunchHandler/CORE]: Got mod coordinates flansmodultimate%%C:\\Users\\LHR\\Desktop\\TRAE\\flan\\Flans-Mod-NeoForge-1.21.1\\build\\classes\\java\\main;flansmodultimate%%C:\\Users\\LHR\\Desktop\\TRAE\\flan\\Flans-Mod-NeoForge-1.21.1\\build\\resources\\main from env
[225月2026 16:29:06.354] [main/DEBUG] [net.neoforged.fml.loading.targets.CommonLaunchHandler/CORE]: Found supplied mod coordinates [{flansmodultimate=[C:\Users\LHR\Desktop\TRAE\flan\Flans-Mod-NeoForge-1.21.1\build\classes\java\main, C:\Users\LHR\Desktop\TRAE\flan\Flans-Mod-NeoForge-1.21.1\build\resources\main]}]
[225月2026 16:29:06.359] [main/DEBUG] [cpw.mods.modlauncher.TransformationServicesHandler/MODLAUNCHER]: Found additional transformation services from discovery services: 
[225月2026 16:29:06.369] [main/INFO] [net.neoforged.fml.loading.ImmediateWindowHandler/]: Loading ImmediateWindowProvider fmlearlywindow
[225月2026 16:29:06.579] [main/INFO] [EARLYDISPLAY/]: Trying GL version 4.6
[225月2026 16:29:06.680] [main/INFO] [EARLYDISPLAY/]: Requested GL version 4.6 got version 4.6
[225月2026 16:29:06.772] [main/DEBUG] [cpw.mods.modlauncher.TransformationServicesHandler/MODLAUNCHER]: Found transformer services : [mixin,fml]
[225月2026 16:29:06.773] [main/DEBUG] [cpw.mods.modlauncher.TransformationServicesHandler/MODLAUNCHER]: Transformation services loading
[225月2026 16:29:06.774] [main/DEBUG] [cpw.mods.modlauncher.TransformationServiceDecorator/MODLAUNCHER]: Loading service mixin
[225月2026 16:29:06.774] [main/DEBUG] [cpw.mods.modlauncher.TransformationServiceDecorator/MODLAUNCHER]: Loaded service mixin
[225月2026 16:29:06.774] [main/DEBUG] [cpw.mods.modlauncher.TransformationServiceDecorator/MODLAUNCHER]: Loading service fml
[225月2026 16:29:06.776] [main/DEBUG] [net.neoforged.fml.loading.FMLLoader/CORE]: FML 4.0.42 loading
[225月2026 16:29:06.776] [main/DEBUG] [net.neoforged.fml.loading.FMLLoader/CORE]: FML found ModLauncher version : 11.0.5+main.901c6ea8
[225月2026 16:29:06.777] [main/DEBUG] [net.neoforged.fml.loading.FMLLoader/CORE]: FML found AccessTransformer version : 10.0.1+139da711
[225月2026 16:29:06.778] [main/DEBUG] [net.neoforged.fml.loading.FMLLoader/CORE]: FML found EventBus version : null
[225月2026 16:29:06.778] [main/DEBUG] [net.neoforged.fml.loading.FMLLoader/CORE]: Found Runtime Dist Cleaner
[225月2026 16:29:06.779] [main/DEBUG] [cpw.mods.modlauncher.TransformationServiceDecorator/MODLAUNCHER]: Loaded service fml
[225月2026 16:29:06.779] [main/DEBUG] [cpw.mods.modlauncher.TransformationServicesHandler/MODLAUNCHER]: Configuring option handling for services
[225月2026 16:29:06.804] [main/DEBUG] [net.neoforged.fml.loading.FMLServiceProvider/CORE]: Received command line version data  : VersionInfo[neoForgeVersion=21.1.228, fmlVersion=4.0.42, mcVersion=1.21.1, neoFormVersion=20240808.144430]
[225月2026 16:29:06.804] [main/DEBUG] [cpw.mods.modlauncher.TransformationServicesHandler/MODLAUNCHER]: Transformation services initializing
[225月2026 16:29:06.804] [main/DEBUG] [cpw.mods.modlauncher.TransformationServiceDecorator/MODLAUNCHER]: Initializing transformation service mixin
[225月2026 16:29:06.819] [main/DEBUG] [mixin/]: MixinService [ModLauncher] was successfully booted in cpw.mods.cl.ModuleClassLoader@289d1c02
[225月2026 16:29:06.832] [main/INFO] [mixin/]: SpongePowered MIXIN Subsystem Version=0.8.7 Source=union:/C:/Users/LHR/.gradle/caches/modules-2/files-2.1/net.fabricmc/sponge-mixin/0.15.2+mixin.0.8.7/2af2f021d8e02a0220dc27a7a72b4666d66d44ca/sponge-mixin-0.15.2+mixin.0.8.7.jar%23138!/ Service=ModLauncher Env=CLIENT
[225月2026 16:29:06.837] [main/DEBUG] [mixin/]: Initialising Mixin Platform Manager
[225月2026 16:29:06.838] [main/DEBUG] [mixin/]: Adding mixin platform agents for container ModLauncher Root Container(ModLauncher:4f56a0a2)
[225月2026 16:29:06.839] [main/DEBUG] [mixin/]: Instancing new MixinPlatformAgentMinecraftForge for ModLauncher Root Container(ModLauncher:4f56a0a2)
[225月2026 16:29:06.839] [main/DEBUG] [mixin/]: MixinPlatformAgentMinecraftForge rejected container ModLauncher Root Container(ModLauncher:4f56a0a2)
[225月2026 16:29:06.840] [main/DEBUG] [mixin/]: Instancing new MixinPlatformAgentDefault for ModLauncher Root Container(ModLauncher:4f56a0a2)
[225月2026 16:29:06.840] [main/DEBUG] [mixin/]: MixinPlatformAgentDefault accepted container ModLauncher Root Container(ModLauncher:4f56a0a2)
[225月2026 16:29:06.844] [main/DEBUG] [cpw.mods.modlauncher.TransformationServiceDecorator/MODLAUNCHER]: Initialized transformation service mixin
[225月2026 16:29:06.845] [main/DEBUG] [cpw.mods.modlauncher.TransformationServiceDecorator/MODLAUNCHER]: Initializing transformation service fml
[225月2026 16:29:06.845] [main/DEBUG] [net.neoforged.fml.loading.FMLServiceProvider/CORE]: Setting up basic FML game directories
[225月2026 16:29:06.845] [main/DEBUG] [net.neoforged.fml.loading.FMLPaths/CORE]: Path GAMEDIR is C:\Users\LHR\Desktop\TRAE\flan\Flans-Mod-NeoForge-1.21.1\run
[225月2026 16:29:06.847] [main/DEBUG] [net.neoforged.fml.loading.FMLPaths/CORE]: Path MODSDIR is C:\Users\LHR\Desktop\TRAE\flan\Flans-Mod-NeoForge-1.21.1\run\mods
[225月2026 16:29:06.847] [main/DEBUG] [net.neoforged.fml.loading.FMLPaths/CORE]: Path CONFIGDIR is C:\Users\LHR\Desktop\TRAE\flan\Flans-Mod-NeoForge-1.21.1\run\config
[225月2026 16:29:06.847] [main/DEBUG] [net.neoforged.fml.loading.FMLPaths/CORE]: Path FMLCONFIG is C:\Users\LHR\Desktop\TRAE\flan\Flans-Mod-NeoForge-1.21.1\run\config\fml.toml
[225月2026 16:29:06.848] [main/DEBUG] [net.neoforged.fml.loading.FMLServiceProvider/CORE]: Loading configuration
[225月2026 16:29:06.851] [main/DEBUG] [net.neoforged.fml.loading.FMLServiceProvider/CORE]: Preparing launch handler
[225月2026 16:29:06.852] [main/DEBUG] [net.neoforged.fml.loading.FMLLoader/CORE]: Using forgeclientdev as launch service
[225月2026 16:29:06.854] [main/DEBUG] [cpw.mods.modlauncher.TransformationServiceDecorator/MODLAUNCHER]: Initialized transformation service fml
[225月2026 16:29:06.854] [main/DEBUG] [cpw.mods.modlauncher.TransformationServicesHandler/MODLAUNCHER]: Transformation services begin scanning
[225月2026 16:29:06.854] [main/DEBUG] [cpw.mods.modlauncher.TransformationServiceDecorator/MODLAUNCHER]: Beginning scan trigger - transformation service mixin
[225月2026 16:29:06.855] [main/DEBUG] [cpw.mods.modlauncher.TransformationServiceDecorator/MODLAUNCHER]: End scan trigger - transformation service mixin
[225月2026 16:29:06.856] [main/DEBUG] [cpw.mods.modlauncher.TransformationServiceDecorator/MODLAUNCHER]: Beginning scan trigger - transformation service fml
[225月2026 16:29:06.856] [main/DEBUG] [net.neoforged.fml.loading.FMLServiceProvider/CORE]: Initiating mod scan
[225月2026 16:29:06.856] [main/DEBUG] [net.neoforged.fml.loading.targets.CommonLaunchHandler/CORE]: Got mod coordinates flansmodultimate%%C:\\Users\\LHR\\Desktop\\TRAE\\flan\\Flans-Mod-NeoForge-1.21.1\\build\\classes\\java\\main;flansmodultimate%%C:\\Users\\LHR\\Desktop\\TRAE\\flan\\Flans-Mod-NeoForge-1.21.1\\build\\resources\\main from env
[225月2026 16:29:06.856] [main/DEBUG] [net.neoforged.fml.loading.targets.CommonLaunchHandler/CORE]: Found supplied mod coordinates [{flansmodultimate=[C:\Users\LHR\Desktop\TRAE\flan\Flans-Mod-NeoForge-1.21.1\build\classes\java\main, C:\Users\LHR\Desktop\TRAE\flan\Flans-Mod-NeoForge-1.21.1\build\resources\main]}]
[225月2026 16:29:06.961] [main/DEBUG] [net.neoforged.fml.loading.targets.CommonDevLaunchHandler/]: Launching with NeoForge from C:\Users\LHR\Desktop\TRAE\flan\Flans-Mod-NeoForge-1.21.1\build\moddev\artifacts\neoforge-21.1.228.jar
[225月2026 16:29:06.984] [main/DEBUG] [net.neoforged.fml.util.ServiceLoaderUtil/CORE]: Found 4 implementations of IModFileCandidateLocator:
[225月2026 16:29:06.985] [main/DEBUG] [net.neoforged.fml.util.ServiceLoaderUtil/CORE]: 	       0 - [built-in] net.neoforged.fml.loading.moddiscovery.locators.NeoForgeDevProvider from loader-4.0.42.jar
[225月2026 16:29:06.986] [main/DEBUG] [net.neoforged.fml.util.ServiceLoaderUtil/CORE]: 	       0 - net.neoforged.fml.loading.moddiscovery.locators.ModsFolderLocator from loader-4.0.42.jar
[225月2026 16:29:06.986] [main/DEBUG] [net.neoforged.fml.util.ServiceLoaderUtil/CORE]: 	       0 - net.neoforged.fml.loading.moddiscovery.locators.MavenDirectoryLocator from loader-4.0.42.jar
[225月2026 16:29:06.986] [main/DEBUG] [net.neoforged.fml.util.ServiceLoaderUtil/CORE]: 	   -1000 - [built-in] net.neoforged.fml.loading.moddiscovery.locators.UserdevLocator from loader-4.0.42.jar
[225月2026 16:29:06.989] [main/DEBUG] [net.neoforged.fml.util.ServiceLoaderUtil/CORE]: Found 2 implementations of IModFileReader:
[225月2026 16:29:06.990] [main/DEBUG] [net.neoforged.fml.util.ServiceLoaderUtil/CORE]: 	       0 - net.neoforged.fml.loading.moddiscovery.readers.JarModsDotTomlModFileReader from loader-4.0.42.jar
[225月2026 16:29:06.990] [main/DEBUG] [net.neoforged.fml.util.ServiceLoaderUtil/CORE]: 	   -1000 - net.neoforged.fml.loading.moddiscovery.readers.NestedLibraryModReader from loader-4.0.42.jar
[225月2026 16:29:06.991] [main/DEBUG] [net.neoforged.fml.util.ServiceLoaderUtil/CORE]: Found 1 implementations of IDependencyLocator:
[225月2026 16:29:06.994] [main/DEBUG] [net.neoforged.fml.util.ServiceLoaderUtil/CORE]: 	       0 - net.neoforged.fml.loading.moddiscovery.locators.JarInJarDependencyLocator from loader-4.0.42.jar
[225月2026 16:29:07.113] [main/DEBUG] [net.neoforged.fml.loading.moddiscovery.ModFileInfo/LOADING]: Found valid mod file neoforge-21.1.228.jar with {minecraft} mods - versions {1.21.1}
[225月2026 16:29:07.130] [main/DEBUG] [net.neoforged.fml.loading.moddiscovery.ModFileParser/LOADING]: Considering mod file candidate C:\Users\LHR\Desktop\TRAE\flan\Flans-Mod-NeoForge-1.21.1\build\moddev\artifacts\neoforge-21.1.228.jar
[225月2026 16:29:07.160] [main/DEBUG] [net.neoforged.fml.loading.moddiscovery.ModFileInfo/LOADING]: Found valid mod file neoforge-21.1.228.jar with {neoforge} mods - versions {21.1.228}
[225月2026 16:29:07.166] [main/DEBUG] [net.neoforged.fml.loading.moddiscovery.ModListHandler/CORE]: Found mod coordinates from lists: []
[225月2026 16:29:07.170] [main/DEBUG] [net.neoforged.fml.loading.moddiscovery.ModFileParser/LOADING]: Considering mod file candidate C:\Users\LHR\Desktop\TRAE\flan\Flans-Mod-NeoForge-1.21.1\build\classes\java\main
[225月2026 16:29:07.181] [main/DEBUG] [net.neoforged.fml.loading.moddiscovery.ModFileInfo/LOADING]: Found valid mod file main with {flansmodultimate} mods - versions {2.0-neo-beta-1}
[225月2026 16:29:07.202] [main/DEBUG] [net.neoforged.fml.loading.moddiscovery.ModFileParser/LOADING]: Considering mod file candidate C:\Users\LHR\Desktop\TRAE\flan\Flans-Mod-NeoForge-1.21.1\build\moddev\artifacts\neoforge-21.1.228.jar
[225月2026 16:29:07.204] [main/DEBUG] [net.neoforged.fml.loading.moddiscovery.ModFileInfo/LOADING]: Found valid mod file neoforge-21.1.228.jar with {neoforge} mods - versions {21.1.228}
[225月2026 16:29:07.248] [main/DEBUG] [net.neoforged.fml.loading.moddiscovery.ModDiscoverer/]: Skipping C:\Users\LHR\.gradle\caches\modules-2\files-2.1\net.neoforged.fancymodloader\earlydisplay\4.0.42\46555dbfff14e9e052f1f693aed14d542a74e111\earlydisplay-4.0.42.jar because it was already located earlier
[225月2026 16:29:07.248] [main/DEBUG] [net.neoforged.fml.loading.moddiscovery.ModDiscoverer/]: Skipping C:\Users\LHR\.gradle\caches\modules-2\files-2.1\net.neoforged.fancymodloader\loader\4.0.42\76e15f98bf676fb44b36c5e776f52a55581ec43a\loader-4.0.42.jar because it was already located earlier
[225月2026 16:29:07.249] [main/DEBUG] [net.neoforged.fml.loading.moddiscovery.ModDiscoverer/]: Skipping C:\Users\LHR\.gradle\caches\modules-2\files-2.1\net.neoforged.accesstransformers\at-modlauncher\10.0.1\5aba50202aceead086bc09fbc2751c9f05cb4890\at-modlauncher-10.0.1.jar because it was already located earlier
[225月2026 16:29:07.249] [main/DEBUG] [net.neoforged.fml.loading.moddiscovery.ModDiscoverer/]: Skipping C:\Users\LHR\.gradle\caches\modules-2\files-2.1\net.neoforged\accesstransformers\10.0.1\fd83b5725f76eae9115e9355fa1c456a6a441400\accesstransformers-10.0.1.jar because it was already located earlier
[225月2026 16:29:07.249] [main/DEBUG] [net.neoforged.fml.loading.moddiscovery.ModDiscoverer/]: Skipping C:\Users\LHR\.gradle\caches\modules-2\files-2.1\net.neoforged\bus\8.0.5\5b2d33285ab5d1554e9798ad98c40d6ea3868bd5\bus-8.0.5.jar because it was already located earlier
[225月2026 16:29:07.250] [main/DEBUG] [net.neoforged.fml.loading.moddiscovery.ModDiscoverer/]: Skipping C:\Users\LHR\.gradle\caches\modules-2\files-2.1\net.neoforged\coremods\7.0.3\9147e6f638b4272b3bd5fc8f92ad37802512c6c\coremods-7.0.3.jar because it was already located earlier
[225月2026 16:29:07.250] [main/DEBUG] [net.neoforged.fml.loading.moddiscovery.ModDiscoverer/]: Skipping C:\Users\LHR\.gradle\caches\modules-2\files-2.1\cpw.mods\modlauncher\11.0.5\b8f0d49294f733fdb6173931b263553e943dc950\modlauncher-11.0.5.jar because it was already located earlier
[225月2026 16:29:07.251] [main/DEBUG] [net.neoforged.fml.loading.moddiscovery.ModDiscoverer/]: Skipping C:\Users\LHR\.gradle\caches\modules-2\files-2.1\net.neoforged\mergetool\2.0.0\52fe1949be64e3303aabaaa21e315f551db9c9f4\mergetool-2.0.0-api.jar because it was already located earlier
[225月2026 16:29:07.252] [main/DEBUG] [net.neoforged.fml.loading.moddiscovery.ModDiscoverer/]: Skipping C:\Users\LHR\.gradle\caches\modules-2\files-2.1\com.electronwill.night-config\toml\3.8.3\90b2fd6efcb4a7d5b9810cf78f9d824994d717f2\toml-3.8.3.jar because it was already located earlier
[225月2026 16:29:07.252] [main/DEBUG] [net.neoforged.fml.loading.moddiscovery.ModDiscoverer/]: Skipping C:\Users\LHR\.gradle\caches\modules-2\files-2.1\com.electronwill.night-config\core\3.8.3\b442a95f09e349927f5a945ecb594455870fcf4f\core-3.8.3.jar because it was already located earlier
[225月2026 16:29:07.252] [main/DEBUG] [net.neoforged.fml.loading.moddiscovery.ModDiscoverer/]: Skipping C:\Users\LHR\.gradle\caches\modules-2\files-2.1\net.neoforged\JarJarSelector\0.4.1\fb3cc7a58af22ad2880adb98af6d518128c47dae\JarJarSelector-0.4.1.jar because it was already located earlier
[225月2026 16:29:07.252] [main/DEBUG] [net.neoforged.fml.loading.moddiscovery.ModDiscoverer/]: Skipping C:\Users\LHR\.gradle\caches\modules-2\files-2.1\net.neoforged\JarJarMetadata\0.4.1\f8da03683dc81694556dc3e177c5e3bb77ae6fcb\JarJarMetadata-0.4.1.jar because it was already located earlier
[225月2026 16:29:07.253] [main/DEBUG] [net.neoforged.fml.loading.moddiscovery.ModDiscoverer/]: Skipping C:\Users\LHR\.gradle\caches\modules-2\files-2.1\org.apache.maven\maven-artifact\3.8.5\4433f50c07debefaed0553bd0068f4f48d449313\maven-artifact-3.8.5.jar because it was already located earlier
[225月2026 16:29:07.253] [main/DEBUG] [net.neoforged.fml.loading.moddiscovery.ModDiscoverer/]: Skipping C:\Users\LHR\.gradle\caches\modules-2\files-2.1\net.jodah\typetools\0.6.3\a01aaa6ddaea9ec07ec4f209487b7a46a526283a\typetools-0.6.3.jar because it was already located earlier
[225月2026 16:29:07.254] [main/DEBUG] [net.neoforged.fml.loading.moddiscovery.ModDiscoverer/]: Skipping C:\Users\LHR\.gradle\caches\modules-2\files-2.1\net.minecrell\terminalconsoleappender\1.3.0\b562e9bb61235c9520e26282cdee71f8f802d1fc\terminalconsoleappender-1.3.0.jar because it was already located earlier
[225月2026 16:29:07.254] [main/DEBUG] [net.neoforged.fml.loading.moddiscovery.ModDiscoverer/]: Skipping C:\Users\LHR\.gradle\caches\modules-2\files-2.1\net.fabricmc\sponge-mixin\0.15.2+mixin.0.8.7\2af2f021d8e02a0220dc27a7a72b4666d66d44ca\sponge-mixin-0.15.2+mixin.0.8.7.jar because it was already located earlier
[225月2026 16:29:07.255] [main/DEBUG] [net.neoforged.fml.loading.moddiscovery.ModDiscoverer/]: Skipping C:\Users\LHR\.gradle\caches\modules-2\files-2.1\org.openjdk.nashorn\nashorn-core\15.4\f67f5ffaa5f5130cf6fb9b133da00c7df3b532a5\nashorn-core-15.4.jar because it was already located earlier
[225月2026 16:29:07.255] [main/DEBUG] [net.neoforged.fml.loading.moddiscovery.ModDiscoverer/]: Skipping C:\Users\LHR\.gradle\caches\modules-2\files-2.1\org.apache.commons\commons-lang3\3.14.0\1ed471194b02f2c6cb734a0cd6f6f107c673afae\commons-lang3-3.14.0.jar because it was already located earlier
[225月2026 16:29:07.255] [main/DEBUG] [net.neoforged.fml.loading.moddiscovery.ModDiscoverer/]: Skipping C:\Users\LHR\.gradle\caches\modules-2\files-2.1\net.sf.jopt-simple\jopt-simple\5.0.4\4fdac2fbe92dfad86aa6e9301736f6b4342a3f5c\jopt-simple-5.0.4.jar because it was already located earlier
[225月2026 16:29:07.255] [main/DEBUG] [net.neoforged.fml.loading.moddiscovery.ModDiscoverer/]: Skipping C:\Users\LHR\.gradle\caches\modules-2\files-2.1\commons-io\commons-io\2.15.1\f11560da189ab563a5c8e351941415430e9304ea\commons-io-2.15.1.jar because it was already located earlier
[225月2026 16:29:07.255] [main/DEBUG] [net.neoforged.fml.loading.moddiscovery.ModDiscoverer/]: Skipping C:\Users\LHR\.gradle\caches\modules-2\files-2.1\com.mojang\logging\1.2.7\24cb95ffb0e3433fd6e844c04e68009e504ca1c0\logging-1.2.7.jar because it was already located earlier
[225月2026 16:29:07.256] [main/DEBUG] [net.neoforged.fml.loading.moddiscovery.ModDiscoverer/]: Skipping C:\Users\LHR\.gradle\caches\modules-2\files-2.1\org.apache.logging.log4j\log4j-slf4j2-impl\2.22.1\d7e6693c2606cb7e7335047d7bb96dec52db5665\log4j-slf4j2-impl-2.22.1.jar because it was already located earlier
[225月2026 16:29:07.256] [main/DEBUG] [net.neoforged.fml.loading.moddiscovery.ModDiscoverer/]: Skipping C:\Users\LHR\.gradle\caches\modules-2\files-2.1\org.apache.logging.log4j\log4j-core\2.22.1\7183a25510a02ad00cc6a95d3b3d2a7d3c5a8dc4\log4j-core-2.22.1.jar because it was already located earlier
[225月2026 16:29:07.256] [main/DEBUG] [net.neoforged.fml.loading.moddiscovery.ModDiscoverer/]: Skipping C:\Users\LHR\.gradle\caches\modules-2\files-2.1\org.apache.logging.log4j\log4j-api\2.22.1\bea6fede6328fabafd7e68363161a7ea6605abd1\log4j-api-2.22.1.jar because it was already located earlier
[225月2026 16:29:07.256] [main/DEBUG] [net.neoforged.fml.loading.moddiscovery.ModDiscoverer/]: Skipping C:\Users\LHR\.gradle\caches\modules-2\files-2.1\com.google.guava\guava\32.1.2-jre\5e64ec7e056456bef3a4bc4c6fdaef71e8ab6318\guava-32.1.2-jre.jar because it was already located earlier
[225月2026 16:29:07.256] [main/DEBUG] [net.neoforged.fml.loading.moddiscovery.ModDiscoverer/]: Skipping C:\Users\LHR\.gradle\caches\modules-2\files-2.1\com.google.code.gson\gson\2.10.1\b3add478d4382b78ea20b1671390a858002feb6c\gson-2.10.1.jar because it was already located earlier
[225月2026 16:29:07.257] [main/DEBUG] [net.neoforged.fml.loading.moddiscovery.ModDiscoverer/]: Skipping C:\Users\LHR\.gradle\caches\modules-2\files-2.1\org.slf4j\slf4j-api\2.0.9\7cf2726fdcfbc8610f9a71fb3ed639871f315340\slf4j-api-2.0.9.jar because it was already located earlier
[225月2026 16:29:07.257] [main/DEBUG] [net.neoforged.fml.loading.moddiscovery.ModDiscoverer/]: Skipping C:\Users\LHR\.gradle\caches\modules-2\files-2.1\org.antlr\antlr4-runtime\4.13.1\17125bae1d965624e265ef49552f6465a2bfa307\antlr4-runtime-4.13.1.jar because it was already located earlier
[225月2026 16:29:07.257] [main/DEBUG] [net.neoforged.fml.loading.moddiscovery.ModDiscoverer/]: Skipping C:\Users\LHR\.gradle\caches\modules-2\files-2.1\net.minecraftforge\srgutils\0.4.15\ca408b131759478f164e010fae0d73997e125fb5\srgutils-0.4.15.jar because it was already located earlier
[225月2026 16:29:07.257] [main/DEBUG] [net.neoforged.fml.loading.moddiscovery.ModDiscoverer/]: Skipping C:\Users\LHR\.gradle\caches\modules-2\files-2.1\org.codehaus.plexus\plexus-utils\3.3.0\cf43b5391de623b36fe066a21127baef82c64022\plexus-utils-3.3.0.jar because it was already located earlier
[225月2026 16:29:07.257] [main/DEBUG] [net.neoforged.fml.loading.moddiscovery.ModDiscoverer/]: Skipping C:\Users\LHR\.gradle\caches\modules-2\files-2.1\org.jline\jline-reader\3.20.0\8f15415b022a25b473e8e16c28ae913186ffb9c4\jline-reader-3.20.0.jar because it was already located earlier
[225月2026 16:29:07.258] [main/DEBUG] [net.neoforged.fml.loading.moddiscovery.ModDiscoverer/]: Skipping C:\Users\LHR\.gradle\caches\modules-2\files-2.1\com.machinezoo.noexception\noexception\1.7.1\b65330c98e38a1f915fa54a6e5eca496505e3f0a\noexception-1.7.1.jar because it was already located earlier
[225月2026 16:29:07.258] [main/DEBUG] [net.neoforged.fml.loading.moddiscovery.ModDiscoverer/]: Skipping C:\Users\LHR\.gradle\caches\modules-2\files-2.1\com.google.guava\failureaccess\1.0.1\1dcf1de382a0bf95a3d8b0849546c88bac1292c9\failureaccess-1.0.1.jar because it was already located earlier
[225月2026 16:29:07.258] [main/DEBUG] [net.neoforged.fml.loading.moddiscovery.ModDiscoverer/]: Skipping C:\Users\LHR\.gradle\caches\modules-2\files-2.1\com.google.guava\listenablefuture\9999.0-empty-to-avoid-conflict-with-guava\b421526c5f297295adef1c886e5246c39d4ac629\listenablefuture-9999.0-empty-to-avoid-conflict-with-guava.jar because it was already located earlier
[225月2026 16:29:07.258] [main/DEBUG] [net.neoforged.fml.loading.moddiscovery.ModDiscoverer/]: Skipping C:\Users\LHR\.gradle\caches\modules-2\files-2.1\com.google.code.findbugs\jsr305\3.0.2\25ea2e8b0c338a877313bd4672d3fe056ea78f0d\jsr305-3.0.2.jar because it was already located earlier
[225月2026 16:29:07.259] [main/DEBUG] [net.neoforged.fml.loading.moddiscovery.ModDiscoverer/]: Skipping C:\Users\LHR\.gradle\caches\modules-2\files-2.1\org.checkerframework\checker-qual\3.33.0\de2b60b62da487644fc11f734e73c8b0b431238f\checker-qual-3.33.0.jar because it was already located earlier
[225月2026 16:29:07.261] [main/DEBUG] [net.neoforged.fml.loading.moddiscovery.ModDiscoverer/]: Skipping C:\Users\LHR\.gradle\caches\modules-2\files-2.1\com.google.errorprone\error_prone_annotations\2.18.0\89b684257096f548fa39a7df9fdaa409d4d4df91\error_prone_annotations-2.18.0.jar because it was already located earlier
[225月2026 16:29:07.261] [main/DEBUG] [net.neoforged.fml.loading.moddiscovery.ModDiscoverer/]: Skipping C:\Users\LHR\.gradle\caches\modules-2\files-2.1\com.google.j2objc\j2objc-annotations\2.8\c85270e307e7b822f1086b93689124b89768e273\j2objc-annotations-2.8.jar because it was already located earlier
[225月2026 16:29:07.262] [main/DEBUG] [net.neoforged.fml.loading.moddiscovery.ModDiscoverer/]: Skipping C:\Users\LHR\.gradle\caches\modules-2\files-2.1\org.jline\jline-terminal\3.20.0\d0ddcc708ddf527a3454c941b7b9225cc83a15ff\jline-terminal-3.20.0.jar because it was already located earlier
[225月2026 16:29:07.262] [main/DEBUG] [net.neoforged.fml.loading.moddiscovery.ModDiscoverer/]: Skipping C:\Users\LHR\.gradle\caches\modules-2\files-2.1\com.github.oshi\oshi-core\6.4.10\b1d8ab82d11d92fd639b56d639f8f46f739dd5fa\oshi-core-6.4.10.jar because it was already located earlier
[225月2026 16:29:07.262] [main/DEBUG] [net.neoforged.fml.loading.moddiscovery.ModDiscoverer/]: Skipping C:\Users\LHR\.gradle\caches\modules-2\files-2.1\com.ibm.icu\icu4j\73.2\61ad4ef7f9131fcf6d25c34b817f90d6da06c9e9\icu4j-73.2.jar because it was already located earlier
[225月2026 16:29:07.263] [main/DEBUG] [net.neoforged.fml.loading.moddiscovery.ModDiscoverer/]: Skipping C:\Users\LHR\.gradle\caches\modules-2\files-2.1\com.mojang\authlib\6.0.54\de8bc95660e1b2fe8793fd427a7a10dcec5b3ea7\authlib-6.0.54.jar because it was already located earlier
[225月2026 16:29:07.263] [main/DEBUG] [net.neoforged.fml.loading.moddiscovery.ModDiscoverer/]: Skipping C:\Users\LHR\.gradle\caches\modules-2\files-2.1\com.mojang\blocklist\1.0.10\5c685c5ffa94c4cd39496c7184c1d122e515ecef\blocklist-1.0.10.jar because it was already located earlier
[225月2026 16:29:07.263] [main/DEBUG] [net.neoforged.fml.loading.moddiscovery.ModDiscoverer/]: Skipping C:\Users\LHR\.gradle\caches\modules-2\files-2.1\com.mojang\brigadier\1.3.10\d15b53a14cf20fdcaa98f731af5dda654452c010\brigadier-1.3.10.jar because it was already located earlier
[225月2026 16:29:07.263] [main/DEBUG] [net.neoforged.fml.loading.moddiscovery.ModDiscoverer/]: Skipping C:\Users\LHR\.gradle\caches\modules-2\files-2.1\com.mojang\datafixerupper\8.0.16\67d4de6d7f95d89bcf5862995fb854ebaec02a34\datafixerupper-8.0.16.jar because it was already located earlier
[225月2026 16:29:07.264] [main/DEBUG] [net.neoforged.fml.loading.moddiscovery.ModDiscoverer/]: Skipping C:\Users\LHR\.gradle\caches\modules-2\files-2.1\com.mojang\patchy\2.2.10\da05971b07cbb379d002cf7eaec6a2048211fefc\patchy-2.2.10.jar because it was already located earlier
[225月2026 16:29:07.264] [main/DEBUG] [net.neoforged.fml.loading.moddiscovery.ModDiscoverer/]: Skipping C:\Users\LHR\.gradle\caches\modules-2\files-2.1\com.mojang\text2speech\1.17.9\3cad216e3a7f0c19b4b394388bc9ffc446f13b14\text2speech-1.17.9.jar because it was already located earlier
[225月2026 16:29:07.264] [main/DEBUG] [net.neoforged.fml.loading.moddiscovery.ModDiscoverer/]: Skipping C:\Users\LHR\.gradle\caches\modules-2\files-2.1\commons-codec\commons-codec\1.16.0\4e3eb3d79888d76b54e28b350915b5dc3919c9de\commons-codec-1.16.0.jar because it was already located earlier
[225月2026 16:29:07.264] [main/DEBUG] [net.neoforged.fml.loading.moddiscovery.ModDiscoverer/]: Skipping C:\Users\LHR\.gradle\caches\modules-2\files-2.1\commons-logging\commons-logging\1.2\4bfc12adfe4842bf07b657f0369c4cb522955686\commons-logging-1.2.jar because it was already located earlier
[225月2026 16:29:07.264] [main/DEBUG] [net.neoforged.fml.loading.moddiscovery.ModDiscoverer/]: Skipping C:\Users\LHR\.gradle\caches\modules-2\files-2.1\io.netty\netty-buffer\4.1.97.Final\f8f3d8644afa5e6e1a40a3a6aeb9d9aa970ecb4f\netty-buffer-4.1.97.Final.jar because it was already located earlier
[225月2026 16:29:07.264] [main/DEBUG] [net.neoforged.fml.loading.moddiscovery.ModDiscoverer/]: Skipping C:\Users\LHR\.gradle\caches\modules-2\files-2.1\io.netty\netty-codec\4.1.97.Final\384ba4d75670befbedb45c4d3b497a93639c206d\netty-codec-4.1.97.Final.jar because it was already located earlier
[225月2026 16:29:07.264] [main/DEBUG] [net.neoforged.fml.loading.moddiscovery.ModDiscoverer/]: Skipping C:\Users\LHR\.gradle\caches\modules-2\files-2.1\io.netty\netty-common\4.1.97.Final\7cceacaf11df8dc63f23d0fb58e9d4640fc88404\netty-common-4.1.97.Final.jar because it was already located earlier
[225月2026 16:29:07.265] [main/DEBUG] [net.neoforged.fml.loading.moddiscovery.ModDiscoverer/]: Skipping C:\Users\LHR\.gradle\caches\modules-2\files-2.1\io.netty\netty-handler\4.1.97.Final\abb86c6906bf512bf2b797a41cd7d2e8d3cd7c36\netty-handler-4.1.97.Final.jar because it was already located earlier
[225月2026 16:29:07.265] [main/DEBUG] [net.neoforged.fml.loading.moddiscovery.ModDiscoverer/]: Skipping C:\Users\LHR\.gradle\caches\modules-2\files-2.1\io.netty\netty-resolver\4.1.97.Final\cec8348108dc76c47cf87c669d514be52c922144\netty-resolver-4.1.97.Final.jar because it was already located earlier
[225月2026 16:29:07.265] [main/DEBUG] [net.neoforged.fml.loading.moddiscovery.ModDiscoverer/]: Skipping C:\Users\LHR\.gradle\caches\modules-2\files-2.1\io.netty\netty-transport-classes-epoll\4.1.97.Final\795da37ded759e862457a82d9d92c4d39ce8ecee\netty-transport-classes-epoll-4.1.97.Final.jar because it was already located earlier
[225月2026 16:29:07.265] [main/DEBUG] [net.neoforged.fml.loading.moddiscovery.ModDiscoverer/]: Skipping C:\Users\LHR\.gradle\caches\modules-2\files-2.1\io.netty\netty-transport-native-unix-common\4.1.97.Final\d469d84265ab70095b01b40886cabdd433b6e664\netty-transport-native-unix-common-4.1.97.Final.jar because it was already located earlier
[225月2026 16:29:07.266] [main/DEBUG] [net.neoforged.fml.loading.moddiscovery.ModDiscoverer/]: Skipping C:\Users\LHR\.gradle\caches\modules-2\files-2.1\io.netty\netty-transport\4.1.97.Final\f37380d23c9bb079bc702910833b2fd532c9abd0\netty-transport-4.1.97.Final.jar because it was already located earlier
[225月2026 16:29:07.266] [main/DEBUG] [net.neoforged.fml.loading.moddiscovery.ModDiscoverer/]: Skipping C:\Users\LHR\.gradle\caches\modules-2\files-2.1\it.unimi.dsi\fastutil\8.5.12\c24946d46824bd528054bface3231d2ecb7e95e8\fastutil-8.5.12.jar because it was already located earlier
[225月2026 16:29:07.266] [main/DEBUG] [net.neoforged.fml.loading.moddiscovery.ModDiscoverer/]: Skipping C:\Users\LHR\.gradle\caches\modules-2\files-2.1\net.java.dev.jna\jna-platform\5.14.0\28934d48aed814f11e4c584da55c49fa7032b31b\jna-platform-5.14.0.jar because it was already located earlier
[225月2026 16:29:07.267] [main/DEBUG] [net.neoforged.fml.loading.moddiscovery.ModDiscoverer/]: Skipping C:\Users\LHR\.gradle\caches\modules-2\files-2.1\net.java.dev.jna\jna\5.14.0\67bf3eaea4f0718cb376a181a629e5f88fa1c9dd\jna-5.14.0.jar because it was already located earlier
[225月2026 16:29:07.267] [main/DEBUG] [net.neoforged.fml.loading.moddiscovery.ModDiscoverer/]: Skipping C:\Users\LHR\.gradle\caches\modules-2\files-2.1\org.apache.commons\commons-compress\1.26.0\659feffdd12280201c8aacb8f7be94f9a883c824\commons-compress-1.26.0.jar because it was already located earlier
[225月2026 16:29:07.267] [main/DEBUG] [net.neoforged.fml.loading.moddiscovery.ModDiscoverer/]: Skipping C:\Users\LHR\.gradle\caches\modules-2\files-2.1\org.apache.httpcomponents\httpclient\4.5.13\e5f6cae5ca7ecaac1ec2827a9e2d65ae2869cada\httpclient-4.5.13.jar because it was already located earlier
[225月2026 16:29:07.267] [main/DEBUG] [net.neoforged.fml.loading.moddiscovery.ModDiscoverer/]: Skipping C:\Users\LHR\.gradle\caches\modules-2\files-2.1\org.apache.httpcomponents\httpcore\4.4.16\51cf043c87253c9f58b539c9f7e44c8894223850\httpcore-4.4.16.jar because it was already located earlier
[225月2026 16:29:07.268] [main/DEBUG] [net.neoforged.fml.loading.moddiscovery.ModDiscoverer/]: Skipping C:\Users\LHR\.gradle\caches\modules-2\files-2.1\org.jcraft\jorbis\0.0.17\8872d22b293e8f5d7d56ff92be966e6dc28ebdc6\jorbis-0.0.17.jar because it was already located earlier
[225月2026 16:29:07.268] [main/DEBUG] [net.neoforged.fml.loading.moddiscovery.ModDiscoverer/]: Skipping C:\Users\LHR\.gradle\caches\modules-2\files-2.1\org.joml\joml\1.10.5\22566d58af70ad3d72308bab63b8339906deb649\joml-1.10.5.jar because it was already located earlier
[225月2026 16:29:07.269] [main/DEBUG] [net.neoforged.fml.loading.moddiscovery.ModDiscoverer/]: Skipping C:\Users\LHR\.gradle\caches\modules-2\files-2.1\org.lwjgl\lwjgl-freetype\3.3.3\a0db6c84a8becc8ca05f9dbfa985edc348a824c7\lwjgl-freetype-3.3.3.jar because it was already located earlier
[225月2026 16:29:07.269] [pool-2-thread-1/INFO] [EARLYDISPLAY/]: GL info: Intel(R) UHD Graphics GL version 4.6.0 - Build 31.0.101.2135, Intel
[225月2026 16:29:07.281] [main/DEBUG] [net.neoforged.fml.loading.moddiscovery.ModDiscoverer/]: Skipping C:\Users\LHR\.gradle\caches\modules-2\files-2.1\org.lwjgl\lwjgl-freetype\3.3.3\15a8c1de7f51d07a92eae7ce1222557073a0c0c3\lwjgl-freetype-3.3.3-natives-windows-x86.jar because it was already located earlier
[225月2026 16:29:07.281] [main/DEBUG] [net.neoforged.fml.loading.moddiscovery.ModDiscoverer/]: Skipping C:\Users\LHR\.gradle\caches\modules-2\files-2.1\org.lwjgl\lwjgl-glfw\3.3.3\efa1eb78c5ccd840e9f329717109b5e892d72f8e\lwjgl-glfw-3.3.3.jar because it was already located earlier
[225月2026 16:29:07.292] [main/DEBUG] [net.neoforged.fml.loading.moddiscovery.ModDiscoverer/]: Skipping C:\Users\LHR\.gradle\caches\modules-2\files-2.1\org.lwjgl\lwjgl-glfw\3.3.3\32334f3fd5270a59bad9939a93115acb6de36dcf\lwjgl-glfw-3.3.3-natives-windows-x86.jar because it was already located earlier
[225月2026 16:29:07.292] [main/DEBUG] [net.neoforged.fml.loading.moddiscovery.ModDiscoverer/]: Skipping C:\Users\LHR\.gradle\caches\modules-2\files-2.1\org.lwjgl\lwjgl-jemalloc\3.3.3\b543467b7ff3c6920539a88ee602d34098628be5\lwjgl-jemalloc-3.3.3.jar because it was already located earlier
[225月2026 16:29:07.294] [main/DEBUG] [net.neoforged.fml.loading.moddiscovery.ModDiscoverer/]: Skipping C:\Users\LHR\.gradle\caches\modules-2\files-2.1\org.lwjgl\lwjgl-jemalloc\3.3.3\426222fc027602a5f21b9c0fe79cde6a4c7a011f\lwjgl-jemalloc-3.3.3-natives-windows.jar because it was already located earlier
[225月2026 16:29:07.305] [main/DEBUG] [net.neoforged.fml.loading.moddiscovery.ModDiscoverer/]: Skipping C:\Users\LHR\.gradle\caches\modules-2\files-2.1\org.lwjgl\lwjgl-openal\3.3.3\daada81ceb5fc0c291fbfdd4433cb8d9423577f2\lwjgl-openal-3.3.3.jar because it was already located earlier
[225月2026 16:29:07.316] [main/DEBUG] [net.neoforged.fml.loading.moddiscovery.ModDiscoverer/]: Skipping C:\Users\LHR\.gradle\caches\modules-2\files-2.1\org.lwjgl\lwjgl-openal\3.3.3\87b8d5050e3adb46bb58fe1cb2669a4a48fce10d\lwjgl-openal-3.3.3-natives-windows-x86.jar because it was already located earlier
[225月2026 16:29:07.318] [main/DEBUG] [net.neoforged.fml.loading.moddiscovery.ModDiscoverer/]: Skipping C:\Users\LHR\.gradle\caches\modules-2\files-2.1\org.lwjgl\lwjgl-opengl\3.3.3\2f6b0147078396a58979125a4c947664e98293a\lwjgl-opengl-3.3.3.jar because it was already located earlier
[225月2026 16:29:07.331] [main/DEBUG] [net.neoforged.fml.loading.moddiscovery.ModDiscoverer/]: Skipping C:\Users\LHR\.gradle\caches\modules-2\files-2.1\org.lwjgl\lwjgl-opengl\3.3.3\65e956d3735a1abdc82eff4baec1b61174697d4b\lwjgl-opengl-3.3.3-natives-windows-arm64.jar because it was already located earlier
[225月2026 16:29:07.338] [main/DEBUG] [net.neoforged.fml.loading.moddiscovery.ModDiscoverer/]: Skipping C:\Users\LHR\.gradle\caches\modules-2\files-2.1\org.lwjgl\lwjgl-stb\3.3.3\25dd6161988d7e65f71d5065c99902402ee32746\lwjgl-stb-3.3.3.jar because it was already located earlier
[225月2026 16:29:07.338] [main/DEBUG] [net.neoforged.fml.loading.moddiscovery.ModDiscoverer/]: Skipping C:\Users\LHR\.gradle\caches\modules-2\files-2.1\org.lwjgl\lwjgl-stb\3.3.3\1d9facdf6541de114b0f963be33505b7679c78cb\lwjgl-stb-3.3.3-natives-windows.jar because it was already located earlier
[225月2026 16:29:07.351] [main/DEBUG] [net.neoforged.fml.loading.moddiscovery.ModDiscoverer/]: Skipping C:\Users\LHR\.gradle\caches\modules-2\files-2.1\org.lwjgl\lwjgl-tinyfd\3.3.3\82d755ca94b102e9ca77283b9e2dc46d1b15fbe5\lwjgl-tinyfd-3.3.3.jar because it was already located earlier
[225月2026 16:29:07.352] [main/DEBUG] [net.neoforged.fml.loading.moddiscovery.ModDiscoverer/]: Skipping C:\Users\LHR\.gradle\caches\modules-2\files-2.1\org.lwjgl\lwjgl-tinyfd\3.3.3\a6697981b0449a5087c1d546fc08b4f73e8f98c9\lwjgl-tinyfd-3.3.3-natives-windows.jar because it was already located earlier
[225月2026 16:29:07.361] [main/DEBUG] [net.neoforged.fml.loading.moddiscovery.ModDiscoverer/]: Skipping C:\Users\LHR\.gradle\caches\modules-2\files-2.1\org.lwjgl\lwjgl\3.3.3\29589b5f87ed335a6c7e7ee6a5775f81f97ecb84\lwjgl-3.3.3.jar because it was already located earlier
[225月2026 16:29:07.372] [main/DEBUG] [net.neoforged.fml.loading.moddiscovery.ModDiscoverer/]: Skipping C:\Users\LHR\.gradle\caches\modules-2\files-2.1\org.lwjgl\lwjgl\3.3.3\9e670718e050aeaeea0c2d5b907cffb142f2e58f\lwjgl-3.3.3-natives-windows-x86.jar because it was already located earlier
[225月2026 16:29:07.372] [main/DEBUG] [net.neoforged.fml.loading.moddiscovery.ModDiscoverer/]: Skipping C:\Users\LHR\.gradle\caches\modules-2\files-2.1\org.lz4\lz4-java\1.8.0\4b986a99445e49ea5fbf5d149c4b63f6ed6c6780\lz4-java-1.8.0.jar because it was already located earlier
[225月2026 16:29:07.376] [main/DEBUG] [net.neoforged.fml.loading.UniqueModListBuilder/]: Found 2 mods for first modid neoforge, selecting most recent based on version data
[225月2026 16:29:07.378] [main/DEBUG] [net.neoforged.fml.loading.UniqueModListBuilder/]: Selected file neoforge-21.1.228.jar for modid neoforge with version 21.1.228
[225月2026 16:29:07.617] [main/INFO] [net.neoforged.fml.loading.moddiscovery.locators.JarInJarDependencyLocator/]: Found 2 dependencies adding them to mods collection
[225月2026 16:29:07.619] [main/INFO] [net.neoforged.fml.loading.moddiscovery.ModDiscoverer/]: 
     Mod List:
		Name Version (Mod Id)

		Flan's Mod Ultimate 2.0-neo-beta-1 (flansmodultimate)
		Minecraft 1.21.1 (minecraft)
		NeoForge 21.1.228 (neoforge)
[225月2026 16:29:07.623] [main/DEBUG] [net.neoforged.fml.loading.moddiscovery.ModFileInfo/LOADING]: Found valid mod file neoforge-21.1.228.jar with {minecraft} mods - versions {1.21.1}
[225月2026 16:29:07.628] [main/DEBUG] [net.neoforged.fml.loading.moddiscovery.ModFile/LOADING]: Loading mod file C:\Users\LHR\Desktop\TRAE\flan\Flans-Mod-NeoForge-1.21.1\build\moddev\artifacts\neoforge-21.1.228.jar with languages [LanguageSpec[languageName=minecraft, acceptedVersions=1]]
[225月2026 16:29:07.631] [main/DEBUG] [net.neoforged.fml.loading.moddiscovery.ModFileParser/LOADING]: Considering mod file candidate C:\Users\LHR\Desktop\TRAE\flan\Flans-Mod-NeoForge-1.21.1\build\moddev\artifacts\neoforge-21.1.228.jar
[225月2026 16:29:07.634] [main/DEBUG] [net.neoforged.fml.loading.moddiscovery.ModFileInfo/LOADING]: Found valid mod file neoforge-21.1.228.jar with {neoforge} mods - versions {21.1.228}
[225月2026 16:29:07.635] [main/DEBUG] [net.neoforged.fml.loading.moddiscovery.ModFile/LOADING]: Loading mod file C:\Users\LHR\Desktop\TRAE\flan\Flans-Mod-NeoForge-1.21.1\build\moddev\artifacts\neoforge-21.1.228.jar with languages [LanguageSpec[languageName=javafml, acceptedVersions=[3,]]]
[225月2026 16:29:07.635] [main/DEBUG] [net.neoforged.fml.loading.moddiscovery.ModFile/LOADING]: Found mixin config MixinConfig[config=neoforge.mixins.json, requiredMods=[]]
[225月2026 16:29:07.636] [main/DEBUG] [net.neoforged.fml.loading.moddiscovery.ModFileParser/LOADING]: Considering mod file candidate C:\Users\LHR\Desktop\TRAE\flan\Flans-Mod-NeoForge-1.21.1\build\classes\java\main
[225月2026 16:29:07.640] [main/DEBUG] [net.neoforged.fml.loading.moddiscovery.ModFileInfo/LOADING]: Found valid mod file main with {flansmodultimate} mods - versions {2.0-neo-beta-1}
[225月2026 16:29:07.641] [main/DEBUG] [net.neoforged.fml.loading.moddiscovery.ModFile/LOADING]: Loading mod file C:\Users\LHR\Desktop\TRAE\flan\Flans-Mod-NeoForge-1.21.1\build\classes\java\main with languages [LanguageSpec[languageName=javafml, acceptedVersions=[1,)]]
[225月2026 16:29:07.641] [main/DEBUG] [net.neoforged.fml.loading.moddiscovery.ModFile/LOADING]: Found mixin config MixinConfig[config=flansmodultimate.mixins.json, requiredMods=[]]
[225月2026 16:29:07.642] [main/DEBUG] [net.neoforged.fml.loading.moddiscovery.ModFile/LOADING]: Loading mod file  with languages []
[225月2026 16:29:07.644] [main/DEBUG] [cpw.mods.modlauncher.TransformationServiceDecorator/MODLAUNCHER]: End scan trigger - transformation service fml
[225月2026 16:29:07.658] [main/DEBUG] [net.neoforged.fml.util.ServiceLoaderUtil/CORE]: Found 3 implementations of IModLanguageLoader:
[225月2026 16:29:07.658] [main/DEBUG] [net.neoforged.fml.util.ServiceLoaderUtil/CORE]: 	net.neoforged.fml.javafmlmod.FMLJavaModLanguageProvider from loader-4.0.42.jar
[225月2026 16:29:07.658] [main/DEBUG] [net.neoforged.fml.util.ServiceLoaderUtil/CORE]: 	net.neoforged.fml.lowcodemod.LowCodeModLanguageProvider from loader-4.0.42.jar
[225月2026 16:29:07.659] [main/DEBUG] [net.neoforged.fml.util.ServiceLoaderUtil/CORE]: 	net.neoforged.fml.mclanguageprovider.MinecraftModLanguageProvider from loader-4.0.42.jar
[225月2026 16:29:07.660] [main/DEBUG] [net.neoforged.fml.loading.LanguageProviderLoader/CORE]: Found language provider javafml, version 4.0.42
[225月2026 16:29:07.661] [main/DEBUG] [net.neoforged.fml.loading.LanguageProviderLoader/CORE]: Found language provider lowcodefml, version 4.0.42
[225月2026 16:29:07.661] [main/DEBUG] [net.neoforged.fml.loading.LanguageProviderLoader/CORE]: Found language provider minecraft, version 4.0.42
[225月2026 16:29:07.667] [main/DEBUG] [net.neoforged.fml.loading.ModSorter/]: Configured system mods: [minecraft, neoforge]
[225月2026 16:29:07.667] [main/DEBUG] [net.neoforged.fml.loading.ModSorter/]: Found system mod: minecraft
[225月2026 16:29:07.667] [main/DEBUG] [net.neoforged.fml.loading.ModSorter/]: Found system mod: neoforge
[225月2026 16:29:07.670] [main/DEBUG] [net.neoforged.fml.loading.ModSorter/LOADING]: Found 3 mod requirements (2 mandatory, 1 optional)
[225月2026 16:29:07.671] [main/DEBUG] [net.neoforged.fml.loading.ModSorter/LOADING]: Found 0 mod requirements missing (0 mandatory, 0 optional)
[225月2026 16:29:07.902] [main/DEBUG] [mixin/]: Adding mixin platform agents for container net.neoforged.fml.loading.mixin.FMLMixinContainerHandle@27d57a2c
[225月2026 16:29:07.902] [main/DEBUG] [mixin/]: Instancing new MixinPlatformAgentMinecraftForge for net.neoforged.fml.loading.mixin.FMLMixinContainerHandle@27d57a2c
[225月2026 16:29:07.902] [main/DEBUG] [mixin/]: MixinPlatformAgentMinecraftForge rejected container net.neoforged.fml.loading.mixin.FMLMixinContainerHandle@27d57a2c
[225月2026 16:29:07.903] [main/DEBUG] [mixin/]: Instancing new MixinPlatformAgentDefault for net.neoforged.fml.loading.mixin.FMLMixinContainerHandle@27d57a2c
[225月2026 16:29:07.903] [main/DEBUG] [mixin/]: MixinPlatformAgentDefault accepted container net.neoforged.fml.loading.mixin.FMLMixinContainerHandle@27d57a2c
[225月2026 16:29:07.903] [main/DEBUG] [mixin/]: Instancing new FMLMixinPlatformAgent for net.neoforged.fml.loading.mixin.FMLMixinContainerHandle@27d57a2c
[225月2026 16:29:07.903] [main/DEBUG] [mixin/]: FMLMixinPlatformAgent accepted container net.neoforged.fml.loading.mixin.FMLMixinContainerHandle@27d57a2c
[225月2026 16:29:07.918] [main/DEBUG] [cpw.mods.modlauncher.TransformationServicesHandler/MODLAUNCHER]: Transformation services loading transformers
[225月2026 16:29:07.919] [main/DEBUG] [cpw.mods.modlauncher.TransformationServiceDecorator/MODLAUNCHER]: Initializing transformers for transformation service mixin
[225月2026 16:29:07.920] [main/DEBUG] [cpw.mods.modlauncher.TransformationServiceDecorator/MODLAUNCHER]: Initialized transformers for transformation service mixin
[225月2026 16:29:07.920] [main/DEBUG] [cpw.mods.modlauncher.TransformationServiceDecorator/MODLAUNCHER]: Initializing transformers for transformation service fml
[225月2026 16:29:07.921] [main/DEBUG] [net.neoforged.fml.loading.FMLServiceProvider/LOADING]: Loading coremod transformers
[225月2026 16:29:07.921] [main/DEBUG] [net.neoforged.fml.loading.FMLServiceProvider/CORE]: Not loading coremod script-engine since no mod requested it
[225月2026 16:29:07.924] [main/DEBUG] [net.neoforged.fml.util.ServiceLoaderUtil/CORE]: Found 1 implementations of ICoreMod:
[225月2026 16:29:07.924] [main/DEBUG] [net.neoforged.fml.util.ServiceLoaderUtil/CORE]: 	net.neoforged.neoforge.coremods.NeoForgeCoreMod from neoforge-21.1.228.jar > net.neoforged.neoforge-coremods-21.1.228.jar
[225月2026 16:29:07.939] [main/DEBUG] [net.neoforged.fml.loading.FMLServiceProvider/CORE]: Adding [Target[className=net.minecraft.world.level.biome.Biome, elementName=, elementDescriptor=, targetType=cpw.mods.modlauncher.api.TargetType@34f7234e]] transformer from core-mod net.neoforged.neoforge.coremods.NeoForgeCoreMod@2063c53e in neoforge-21.1.228.jar > net.neoforged.neoforge-coremods-21.1.228.jar
[225月2026 16:29:07.941] [main/DEBUG] [net.neoforged.fml.loading.FMLServiceProvider/CORE]: Adding [Target[className=net.minecraft.world.level.levelgen.structure.Structure, elementName=, elementDescriptor=, targetType=cpw.mods.modlauncher.api.TargetType@34f7234e]] transformer from core-mod net.neoforged.neoforge.coremods.NeoForgeCoreMod@2063c53e in neoforge-21.1.228.jar > net.neoforged.neoforge-coremods-21.1.228.jar
[225月2026 16:29:07.941] [main/DEBUG] [net.neoforged.fml.loading.FMLServiceProvider/CORE]: Adding [Target[className=net.minecraft.world.level.block.FlowerPotBlock, elementName=, elementDescriptor=, targetType=cpw.mods.modlauncher.api.TargetType@34f7234e]] transformer from core-mod net.neoforged.neoforge.coremods.NeoForgeCoreMod@2063c53e in neoforge-21.1.228.jar > net.neoforged.neoforge-coremods-21.1.228.jar
[225月2026 16:29:07.944] [main/DEBUG] [net.neoforged.fml.loading.FMLServiceProvider/CORE]: Adding [Target[className=net/minecraft/world/level/levelgen/PhantomSpawner, elementName=, elementDescriptor=, targetType=cpw.mods.modlauncher.api.TargetType@34f7234e], Target[className=net/minecraft/world/entity/npc/CatSpawner, elementName=, elementDescriptor=, targetType=cpw.mods.modlauncher.api.TargetType@34f7234e], Target[className=net/minecraft/world/entity/npc/Villager, elementName=, elementDescriptor=, targetType=cpw.mods.modlauncher.api.TargetType@34f7234e], Target[className=net/minecraft/world/level/levelgen/structure/structures/WoodlandMansionPieces$WoodlandMansionPiece, elementName=, elementDescriptor=, targetType=cpw.mods.modlauncher.api.TargetType@34f7234e], Target[className=net/minecraft/server/commands/SummonCommand, elementName=, elementDescriptor=, targetType=cpw.mods.modlauncher.api.TargetType@34f7234e], Target[className=net/minecraft/world/entity/raid/Raid, elementName=, elementDescriptor=, targetType=cpw.mods.modlauncher.api.TargetType@34f7234e], Target[className=net/minecraft/world/level/NaturalSpawner, elementName=, elementDescriptor=, targetType=cpw.mods.modlauncher.api.TargetType@34f7234e], Target[className=net/minecraft/world/entity/monster/Spider, elementName=, elementDescriptor=, targetType=cpw.mods.modlauncher.api.TargetType@34f7234e], Target[className=net/minecraft/world/entity/monster/Zombie, elementName=, elementDescriptor=, targetType=cpw.mods.modlauncher.api.TargetType@34f7234e], Target[className=net/minecraft/world/entity/monster/ZombieVillager, elementName=, elementDescriptor=, targetType=cpw.mods.modlauncher.api.TargetType@34f7234e], Target[className=net/minecraft/world/level/levelgen/structure/structures/OceanMonumentPieces$OceanMonumentPiece, elementName=, elementDescriptor=, targetType=cpw.mods.modlauncher.api.TargetType@34f7234e], Target[className=net/minecraft/world/entity/monster/Evoker$EvokerSummonSpellGoal, elementName=, elementDescriptor=, targetType=cpw.mods.modlauncher.api.TargetType@34f7234e], Target[className=net/minecraft/server/commands/RaidCommand, elementName=, elementDescriptor=, targetType=cpw.mods.modlauncher.api.TargetType@34f7234e], Target[className=net/minecraft/world/entity/animal/frog/Tadpole, elementName=, elementDescriptor=, targetType=cpw.mods.modlauncher.api.TargetType@34f7234e], Target[className=net/minecraft/world/level/levelgen/structure/templatesystem/StructureTemplate, elementName=, elementDescriptor=, targetType=cpw.mods.modlauncher.api.TargetType@34f7234e], Target[className=net/minecraft/world/entity/EntityType, elementName=, elementDescriptor=, targetType=cpw.mods.modlauncher.api.TargetType@34f7234e], Target[className=net/minecraft/world/entity/animal/horse/SkeletonTrapGoal, elementName=, elementDescriptor=, targetType=cpw.mods.modlauncher.api.TargetType@34f7234e], Target[className=net/minecraft/world/entity/ai/village/VillageSiege, elementName=, elementDescriptor=, targetType=cpw.mods.modlauncher.api.TargetType@34f7234e], Target[className=net/minecraft/world/entity/monster/Strider, elementName=, elementDescriptor=, targetType=cpw.mods.modlauncher.api.TargetType@34f7234e], Target[className=net/minecraft/world/level/levelgen/structure/structures/SwampHutPiece, elementName=, elementDescriptor=, targetType=cpw.mods.modlauncher.api.TargetType@34f7234e], Target[className=net/minecraft/world/level/levelgen/structure/structures/OceanRuinPieces$OceanRuinPiece, elementName=, elementDescriptor=, targetType=cpw.mods.modlauncher.api.TargetType@34f7234e], Target[className=net/minecraft/world/level/levelgen/PatrolSpawner, elementName=, elementDescriptor=, targetType=cpw.mods.modlauncher.api.TargetType@34f7234e]] transformer from core-mod net.neoforged.neoforge.coremods.NeoForgeCoreMod@2063c53e in neoforge-21.1.228.jar > net.neoforged.neoforge-coremods-21.1.228.jar
[225月2026 16:29:07.949] [main/DEBUG] [cpw.mods.modlauncher.TransformStore/MODLAUNCHER]: Adding transformer net.neoforged.neoforge.coremods.ReplaceFieldWithGetterAccess@7cb2651f to Target : cpw.mods.modlauncher.api.TargetType@34f7234e {Lnet/minecraft/world/level/biome/Biome;} {} {V}
[225月2026 16:29:07.951] [main/DEBUG] [cpw.mods.modlauncher.TransformStore/MODLAUNCHER]: Adding transformer net.neoforged.neoforge.coremods.ReplaceFieldWithGetterAccess@48535004 to Target : cpw.mods.modlauncher.api.TargetType@34f7234e {Lnet/minecraft/world/level/levelgen/structure/Structure;} {} {V}
[225月2026 16:29:07.951] [main/DEBUG] [cpw.mods.modlauncher.TransformStore/MODLAUNCHER]: Adding transformer net.neoforged.neoforge.coremods.ReplaceFieldWithGetterAccess@610df783 to Target : cpw.mods.modlauncher.api.TargetType@34f7234e {Lnet/minecraft/world/level/block/FlowerPotBlock;} {} {V}
[225月2026 16:29:07.951] [main/DEBUG] [cpw.mods.modlauncher.TransformStore/MODLAUNCHER]: Adding transformer net.neoforged.neoforge.coremods.MethodRedirector@f3fcd59 to Target : cpw.mods.modlauncher.api.TargetType@34f7234e {Lnet/minecraft/world/level/levelgen/PhantomSpawner;} {} {V}
[225月2026 16:29:07.952] [main/DEBUG] [cpw.mods.modlauncher.TransformStore/MODLAUNCHER]: Adding transformer net.neoforged.neoforge.coremods.MethodRedirector@f3fcd59 to Target : cpw.mods.modlauncher.api.TargetType@34f7234e {Lnet/minecraft/world/entity/npc/CatSpawner;} {} {V}
[225月2026 16:29:07.952] [main/DEBUG] [cpw.mods.modlauncher.TransformStore/MODLAUNCHER]: Adding transformer net.neoforged.neoforge.coremods.MethodRedirector@f3fcd59 to Target : cpw.mods.modlauncher.api.TargetType@34f7234e {Lnet/minecraft/world/entity/npc/Villager;} {} {V}
[225月2026 16:29:07.952] [main/DEBUG] [cpw.mods.modlauncher.TransformStore/MODLAUNCHER]: Adding transformer net.neoforged.neoforge.coremods.MethodRedirector@f3fcd59 to Target : cpw.mods.modlauncher.api.TargetType@34f7234e {Lnet/minecraft/world/level/levelgen/structure/structures/WoodlandMansionPieces$WoodlandMansionPiece;} {} {V}
[225月2026 16:29:07.952] [main/DEBUG] [cpw.mods.modlauncher.TransformStore/MODLAUNCHER]: Adding transformer net.neoforged.neoforge.coremods.MethodRedirector@f3fcd59 to Target : cpw.mods.modlauncher.api.TargetType@34f7234e {Lnet/minecraft/server/commands/SummonCommand;} {} {V}
[225月2026 16:29:07.952] [main/DEBUG] [cpw.mods.modlauncher.TransformStore/MODLAUNCHER]: Adding transformer net.neoforged.neoforge.coremods.MethodRedirector@f3fcd59 to Target : cpw.mods.modlauncher.api.TargetType@34f7234e {Lnet/minecraft/world/entity/raid/Raid;} {} {V}
[225月2026 16:29:07.953] [main/DEBUG] [cpw.mods.modlauncher.TransformStore/MODLAUNCHER]: Adding transformer net.neoforged.neoforge.coremods.MethodRedirector@f3fcd59 to Target : cpw.mods.modlauncher.api.TargetType@34f7234e {Lnet/minecraft/world/level/NaturalSpawner;} {} {V}
[225月2026 16:29:07.953] [main/DEBUG] [cpw.mods.modlauncher.TransformStore/MODLAUNCHER]: Adding transformer net.neoforged.neoforge.coremods.MethodRedirector@f3fcd59 to Target : cpw.mods.modlauncher.api.TargetType@34f7234e {Lnet/minecraft/world/entity/monster/Spider;} {} {V}
[225月2026 16:29:07.953] [main/DEBUG] [cpw.mods.modlauncher.TransformStore/MODLAUNCHER]: Adding transformer net.neoforged.neoforge.coremods.MethodRedirector@f3fcd59 to Target : cpw.mods.modlauncher.api.TargetType@34f7234e {Lnet/minecraft/world/entity/monster/Zombie;} {} {V}
[225月2026 16:29:07.953] [main/DEBUG] [cpw.mods.modlauncher.TransformStore/MODLAUNCHER]: Adding transformer net.neoforged.neoforge.coremods.MethodRedirector@f3fcd59 to Target : cpw.mods.modlauncher.api.TargetType@34f7234e {Lnet/minecraft/world/entity/monster/ZombieVillager;} {} {V}
[225月2026 16:29:07.953] [main/DEBUG] [cpw.mods.modlauncher.TransformStore/MODLAUNCHER]: Adding transformer net.neoforged.neoforge.coremods.MethodRedirector@f3fcd59 to Target : cpw.mods.modlauncher.api.TargetType@34f7234e {Lnet/minecraft/world/level/levelgen/structure/structures/OceanMonumentPieces$OceanMonumentPiece;} {} {V}
[225月2026 16:29:07.954] [main/DEBUG] [cpw.mods.modlauncher.TransformStore/MODLAUNCHER]: Adding transformer net.neoforged.neoforge.coremods.MethodRedirector@f3fcd59 to Target : cpw.mods.modlauncher.api.TargetType@34f7234e {Lnet/minecraft/world/entity/monster/Evoker$EvokerSummonSpellGoal;} {} {V}
[225月2026 16:29:07.954] [main/DEBUG] [cpw.mods.modlauncher.TransformStore/MODLAUNCHER]: Adding transformer net.neoforged.neoforge.coremods.MethodRedirector@f3fcd59 to Target : cpw.mods.modlauncher.api.TargetType@34f7234e {Lnet/minecraft/server/commands/RaidCommand;} {} {V}
[225月2026 16:29:07.954] [main/DEBUG] [cpw.mods.modlauncher.TransformStore/MODLAUNCHER]: Adding transformer net.neoforged.neoforge.coremods.MethodRedirector@f3fcd59 to Target : cpw.mods.modlauncher.api.TargetType@34f7234e {Lnet/minecraft/world/entity/animal/frog/Tadpole;} {} {V}
[225月2026 16:29:07.954] [main/DEBUG] [cpw.mods.modlauncher.TransformStore/MODLAUNCHER]: Adding transformer net.neoforged.neoforge.coremods.MethodRedirector@f3fcd59 to Target : cpw.mods.modlauncher.api.TargetType@34f7234e {Lnet/minecraft/world/level/levelgen/structure/templatesystem/StructureTemplate;} {} {V}
[225月2026 16:29:07.955] [main/DEBUG] [cpw.mods.modlauncher.TransformStore/MODLAUNCHER]: Adding transformer net.neoforged.neoforge.coremods.MethodRedirector@f3fcd59 to Target : cpw.mods.modlauncher.api.TargetType@34f7234e {Lnet/minecraft/world/entity/EntityType;} {} {V}
[225月2026 16:29:07.955] [main/DEBUG] [cpw.mods.modlauncher.TransformStore/MODLAUNCHER]: Adding transformer net.neoforged.neoforge.coremods.MethodRedirector@f3fcd59 to Target : cpw.mods.modlauncher.api.TargetType@34f7234e {Lnet/minecraft/world/entity/animal/horse/SkeletonTrapGoal;} {} {V}
[225月2026 16:29:07.955] [main/DEBUG] [cpw.mods.modlauncher.TransformStore/MODLAUNCHER]: Adding transformer net.neoforged.neoforge.coremods.MethodRedirector@f3fcd59 to Target : cpw.mods.modlauncher.api.TargetType@34f7234e {Lnet/minecraft/world/entity/ai/village/VillageSiege;} {} {V}
[225月2026 16:29:07.955] [main/DEBUG] [cpw.mods.modlauncher.TransformStore/MODLAUNCHER]: Adding transformer net.neoforged.neoforge.coremods.MethodRedirector@f3fcd59 to Target : cpw.mods.modlauncher.api.TargetType@34f7234e {Lnet/minecraft/world/entity/monster/Strider;} {} {V}
[225月2026 16:29:07.955] [main/DEBUG] [cpw.mods.modlauncher.TransformStore/MODLAUNCHER]: Adding transformer net.neoforged.neoforge.coremods.MethodRedirector@f3fcd59 to Target : cpw.mods.modlauncher.api.TargetType@34f7234e {Lnet/minecraft/world/level/levelgen/structure/structures/SwampHutPiece;} {} {V}
[225月2026 16:29:07.955] [main/DEBUG] [cpw.mods.modlauncher.TransformStore/MODLAUNCHER]: Adding transformer net.neoforged.neoforge.coremods.MethodRedirector@f3fcd59 to Target : cpw.mods.modlauncher.api.TargetType@34f7234e {Lnet/minecraft/world/level/levelgen/structure/structures/OceanRuinPieces$OceanRuinPiece;} {} {V}
[225月2026 16:29:07.955] [main/DEBUG] [cpw.mods.modlauncher.TransformStore/MODLAUNCHER]: Adding transformer net.neoforged.neoforge.coremods.MethodRedirector@f3fcd59 to Target : cpw.mods.modlauncher.api.TargetType@34f7234e {Lnet/minecraft/world/level/levelgen/PatrolSpawner;} {} {V}
[225月2026 16:29:07.956] [main/DEBUG] [cpw.mods.modlauncher.TransformationServiceDecorator/MODLAUNCHER]: Initialized transformers for transformation service fml
[225月2026 16:29:09.336] [main/DEBUG] [mixin/]: Processing prepare() for PlatformAgent[MixinPlatformAgentDefault:ModLauncher Root Container(ModLauncher:4f56a0a2)]
[225月2026 16:29:09.336] [main/DEBUG] [mixin/]: Processing prepare() for PlatformAgent[MixinPlatformAgentDefault:net.neoforged.fml.loading.mixin.FMLMixinContainerHandle@27d57a2c]
[225月2026 16:29:09.337] [main/DEBUG] [mixin/]: Processing prepare() for PlatformAgent[FMLMixinPlatformAgent:null]
[225月2026 16:29:09.405] [main/DEBUG] [mixin/]: Compatibility level JAVA_21 specified by flansmodultimate.mixins.json is higher than the maximum level supported by this version of mixin (JAVA_13).
[225月2026 16:29:09.414] [main/INFO] [mixin/]: Compatibility level set to JAVA_21
[225月2026 16:29:09.416] [main/DEBUG] [mixin/]: Processing launch tasks for PlatformAgent[MixinPlatformAgentDefault:ModLauncher Root Container(ModLauncher:4f56a0a2)]
[225月2026 16:29:09.416] [main/DEBUG] [mixin/]: Adding mixin platform agents for container SecureJarResource(mixin_synthetic)
[225月2026 16:29:09.417] [main/DEBUG] [mixin/]: Instancing new MixinPlatformAgentMinecraftForge for SecureJarResource(mixin_synthetic)
[225月2026 16:29:09.417] [main/DEBUG] [mixin/]: MixinPlatformAgentMinecraftForge rejected container SecureJarResource(mixin_synthetic)
[225月2026 16:29:09.417] [main/DEBUG] [mixin/]: Instancing new MixinPlatformAgentDefault for SecureJarResource(mixin_synthetic)
[225月2026 16:29:09.417] [main/DEBUG] [mixin/]: MixinPlatformAgentDefault accepted container SecureJarResource(mixin_synthetic)
[225月2026 16:29:09.417] [main/DEBUG] [mixin/]: Instancing new FMLMixinPlatformAgent for SecureJarResource(mixin_synthetic)
[225月2026 16:29:09.417] [main/DEBUG] [mixin/]: FMLMixinPlatformAgent rejected container SecureJarResource(mixin_synthetic)
[225月2026 16:29:09.418] [main/DEBUG] [mixin/]: Processing prepare() for PlatformAgent[MixinPlatformAgentDefault:SecureJarResource(mixin_synthetic)]
[225月2026 16:29:09.418] [main/DEBUG] [mixin/]: Adding mixin platform agents for container SecureJarResource(minecraft)
[225月2026 16:29:09.418] [main/DEBUG] [mixin/]: Instancing new MixinPlatformAgentMinecraftForge for SecureJarResource(minecraft)
[225月2026 16:29:09.418] [main/DEBUG] [mixin/]: MixinPlatformAgentMinecraftForge rejected container SecureJarResource(minecraft)
[225月2026 16:29:09.418] [main/DEBUG] [mixin/]: Instancing new MixinPlatformAgentDefault for SecureJarResource(minecraft)
[225月2026 16:29:09.419] [main/DEBUG] [mixin/]: MixinPlatformAgentDefault accepted container SecureJarResource(minecraft)
[225月2026 16:29:09.419] [main/DEBUG] [mixin/]: Instancing new FMLMixinPlatformAgent for SecureJarResource(minecraft)
[225月2026 16:29:09.419] [main/DEBUG] [mixin/]: FMLMixinPlatformAgent rejected container SecureJarResource(minecraft)
[225月2026 16:29:09.419] [main/DEBUG] [mixin/]: Processing prepare() for PlatformAgent[MixinPlatformAgentDefault:SecureJarResource(minecraft)]
[225月2026 16:29:09.419] [main/DEBUG] [mixin/]: Adding mixin platform agents for container SecureJarResource(flansmodultimate)
[225月2026 16:29:09.420] [main/DEBUG] [mixin/]: Instancing new MixinPlatformAgentMinecraftForge for SecureJarResource(flansmodultimate)
[225月2026 16:29:09.420] [main/DEBUG] [mixin/]: MixinPlatformAgentMinecraftForge rejected container SecureJarResource(flansmodultimate)
[225月2026 16:29:09.420] [main/DEBUG] [mixin/]: Instancing new MixinPlatformAgentDefault for SecureJarResource(flansmodultimate)
[225月2026 16:29:09.420] [main/DEBUG] [mixin/]: MixinPlatformAgentDefault accepted container SecureJarResource(flansmodultimate)
[225月2026 16:29:09.420] [main/DEBUG] [mixin/]: Instancing new FMLMixinPlatformAgent for SecureJarResource(flansmodultimate)
[225月2026 16:29:09.420] [main/DEBUG] [mixin/]: FMLMixinPlatformAgent rejected container SecureJarResource(flansmodultimate)
[225月2026 16:29:09.421] [main/DEBUG] [mixin/]: Processing prepare() for PlatformAgent[MixinPlatformAgentDefault:SecureJarResource(flansmodultimate)]
[225月2026 16:29:09.421] [main/DEBUG] [mixin/]: Adding mixin platform agents for container SecureJarResource(mixinextras.neoforge)
[225月2026 16:29:09.421] [main/DEBUG] [mixin/]: Instancing new MixinPlatformAgentMinecraftForge for SecureJarResource(mixinextras.neoforge)
[225月2026 16:29:09.421] [main/DEBUG] [mixin/]: MixinPlatformAgentMinecraftForge rejected container SecureJarResource(mixinextras.neoforge)
[225月2026 16:29:09.421] [main/DEBUG] [mixin/]: Instancing new MixinPlatformAgentDefault for SecureJarResource(mixinextras.neoforge)
[225月2026 16:29:09.422] [main/DEBUG] [mixin/]: MixinPlatformAgentDefault accepted container SecureJarResource(mixinextras.neoforge)
[225月2026 16:29:09.422] [main/DEBUG] [mixin/]: Instancing new FMLMixinPlatformAgent for SecureJarResource(mixinextras.neoforge)
[225月2026 16:29:09.422] [main/DEBUG] [mixin/]: FMLMixinPlatformAgent rejected container SecureJarResource(mixinextras.neoforge)
[225月2026 16:29:09.422] [main/DEBUG] [mixin/]: Processing prepare() for PlatformAgent[MixinPlatformAgentDefault:SecureJarResource(mixinextras.neoforge)]
[225月2026 16:29:09.423] [main/DEBUG] [mixin/]: Registering mixin config: mixinextras.init.mixins.json source=SecureJarResource(mixinextras.neoforge)
[225月2026 16:29:09.425] [main/DEBUG] [mixin/]: inject() running with 6 agents
[225月2026 16:29:09.426] [main/DEBUG] [mixin/]: Processing inject() for PlatformAgent[MixinPlatformAgentDefault:ModLauncher Root Container(ModLauncher:4f56a0a2)]
[225月2026 16:29:09.426] [main/DEBUG] [mixin/]: Processing inject() for PlatformAgent[MixinPlatformAgentDefault:net.neoforged.fml.loading.mixin.FMLMixinContainerHandle@27d57a2c]
[225月2026 16:29:09.426] [main/DEBUG] [mixin/]: Processing inject() for PlatformAgent[FMLMixinPlatformAgent:null]
[225月2026 16:29:09.427] [main/DEBUG] [mixin/]: Processing inject() for PlatformAgent[MixinPlatformAgentDefault:SecureJarResource(mixin_synthetic)]
[225月2026 16:29:09.427] [main/DEBUG] [mixin/]: Processing inject() for PlatformAgent[MixinPlatformAgentDefault:SecureJarResource(minecraft)]
[225月2026 16:29:09.427] [main/DEBUG] [mixin/]: Processing inject() for PlatformAgent[MixinPlatformAgentDefault:SecureJarResource(flansmodultimate)]
[225月2026 16:29:09.427] [main/DEBUG] [mixin/]: Processing inject() for PlatformAgent[MixinPlatformAgentDefault:SecureJarResource(mixinextras.neoforge)]
[225月2026 16:29:09.428] [main/INFO] [cpw.mods.modlauncher.LaunchServiceHandler/MODLAUNCHER]: Launching target 'forgeclientdev' with arguments [--version, 21.1.228, --gameDir, ., --assetsDir, C:\Users\LHR\.gradle\caches\neoformruntime\assets, --assetIndex, 17]
[225月2026 16:29:09.502] [main/DEBUG] [mixin/]: Preparing mixins for MixinEnvironment[DEFAULT]
[225月2026 16:29:09.503] [main/DEBUG] [mixin/]: Selecting config neoforge.mixins.json
[225月2026 16:29:09.507] [main/DEBUG] [mixin/]: Selecting config flansmodultimate.mixins.json
[225月2026 16:29:09.509] [main/WARN] [mixin/]: Reference map 'flansmodultimate.refmap.json' for flansmodultimate.mixins.json could not be read. If this is a development environment you can ignore this message
[225月2026 16:29:09.509] [main/DEBUG] [mixin/]: Selecting config mixinextras.init.mixins.json
[225月2026 16:29:09.597] [main/DEBUG] [MixinExtras|Service/]: com.llamalad7.mixinextras.service.MixinExtrasServiceImpl(version=0.5.3) is taking over from null
[225月2026 16:29:09.678] [main/DEBUG] [mixin/]: Registering new injector for @Inject with org.spongepowered.asm.mixin.injection.struct.CallbackInjectionInfo
[225月2026 16:29:09.680] [main/DEBUG] [mixin/]: Registering new injector for @ModifyArg with org.spongepowered.asm.mixin.injection.struct.ModifyArgInjectionInfo
[225月2026 16:29:09.699] [main/DEBUG] [mixin/]: Registering new injector for @ModifyArgs with org.spongepowered.asm.mixin.injection.struct.ModifyArgsInjectionInfo
[225月2026 16:29:09.703] [main/DEBUG] [mixin/]: Registering new injector for @Redirect with org.spongepowered.asm.mixin.injection.struct.RedirectInjectionInfo
[225月2026 16:29:09.707] [main/DEBUG] [mixin/]: Registering new injector for @ModifyVariable with org.spongepowered.asm.mixin.injection.struct.ModifyVariableInjectionInfo
[225月2026 16:29:09.710] [main/DEBUG] [mixin/]: Registering new injector for @ModifyConstant with org.spongepowered.asm.mixin.injection.struct.ModifyConstantInjectionInfo
[225月2026 16:29:09.743] [main/DEBUG] [mixin/]: Preparing neoforge.mixins.json (2)
[225月2026 16:29:09.853] [main/DEBUG] [mixin/]: Preparing flansmodultimate.mixins.json (1)
[225月2026 16:29:09.863] [main/DEBUG] [mixin/]: Preparing mixinextras.init.mixins.json (0)
[225月2026 16:29:09.890] [main/DEBUG] [mixin/]: Prepared 3 mixins in 0.383 sec (127.7ms avg) (0ms load, 0ms transform, 0ms plugin)
[225月2026 16:29:10.256] [main/DEBUG] [io.netty.util.internal.logging.InternalLoggerFactory/]: Using SLF4J as the default logging framework
[225月2026 16:29:10.262] [main/DEBUG] [io.netty.util.ResourceLeakDetector/]: -Dio.netty.leakDetection.level: simple
[225月2026 16:29:10.262] [main/DEBUG] [io.netty.util.ResourceLeakDetector/]: -Dio.netty.leakDetection.targetRecords: 4
[225月2026 16:29:12.374] [main/DEBUG] [oshi.util.FileUtil/]: No oshi.properties file found from ClassLoader cpw.mods.modlauncher.TransformingClassLoader@49cf9028
[225月2026 16:29:13.576] [main/DEBUG] [oshi.util.FileUtil/]: No oshi.architecture.properties file found from ClassLoader cpw.mods.modlauncher.TransformingClassLoader@49cf9028
[225月2026 16:29:13.604] [Datafixer Bootstrap/INFO] [com.mojang.datafixers.DataFixerBuilder/]: 229 Datafixer optimizations took 1282 milliseconds
[225月2026 16:29:13.721] [pool-7-thread-1/INFO] [MixinExtras|Service/]: Initializing MixinExtras via com.llamalad7.mixinextras.service.MixinExtrasServiceImpl(version=0.5.3).
[225月2026 16:29:13.724] [pool-7-thread-1/DEBUG] [mixin/]: Registering new injector for @SugarWrapper with com.llamalad7.mixinextras.sugar.impl.SugarWrapperInjectionInfo
[225月2026 16:29:13.725] [pool-7-thread-1/DEBUG] [mixin/]: Registering new injector for @FactoryRedirectWrapper with com.llamalad7.mixinextras.wrapper.factory.FactoryRedirectWrapperInjectionInfo
[225月2026 16:29:13.726] [pool-7-thread-1/DEBUG] [mixin/]: Registering new injector for @ExpressionInjectorWrapper with com.llamalad7.mixinextras.expression.impl.wrapper.ExpressionInjectorWrapperInjectionInfo
[225月2026 16:29:13.744] [pool-7-thread-1/DEBUG] [mixin/]: Mixing MappedRegistryAccessor from neoforge.mixins.json into net.minecraft.core.MappedRegistry
[225月2026 16:29:13.748] [pool-7-thread-1/DEBUG] [mixin/]: neoforge.mixins.json:MappedRegistryAccessor from mod neoforge: Class version 65 required is higher than the class version supported by the current version of Mixin (JAVA_16 supports class version 60)
[225月2026 16:29:15.489] [pool-7-thread-1/DEBUG] [mixin/]: Mixing BlockEntityTypeAccessor from neoforge.mixins.json into net.minecraft.world.level.block.entity.BlockEntityType
[225月2026 16:29:15.489] [pool-7-thread-1/DEBUG] [mixin/]: neoforge.mixins.json:BlockEntityTypeAccessor from mod neoforge: Class version 65 required is higher than the class version supported by the current version of Mixin (JAVA_16 supports class version 60)
[225月2026 16:29:17.516] [pool-7-thread-1/DEBUG] [io.netty.util.internal.PlatformDependent0/]: -Dio.netty.noUnsafe: false
[225月2026 16:29:17.516] [pool-7-thread-1/DEBUG] [io.netty.util.internal.PlatformDependent0/]: Java version: 21
[225月2026 16:29:17.518] [pool-7-thread-1/DEBUG] [io.netty.util.internal.PlatformDependent0/]: sun.misc.Unsafe.theUnsafe: available
[225月2026 16:29:17.518] [pool-7-thread-1/DEBUG] [io.netty.util.internal.PlatformDependent0/]: sun.misc.Unsafe.copyMemory: available
[225月2026 16:29:17.519] [pool-7-thread-1/DEBUG] [io.netty.util.internal.PlatformDependent0/]: sun.misc.Unsafe.storeFence: available
[225月2026 16:29:17.519] [pool-7-thread-1/DEBUG] [io.netty.util.internal.PlatformDependent0/]: java.nio.Buffer.address: available
[225月2026 16:29:17.520] [pool-7-thread-1/DEBUG] [io.netty.util.internal.PlatformDependent0/]: direct buffer constructor: unavailable: Reflective setAccessible(true) disabled
[225月2026 16:29:17.521] [pool-7-thread-1/DEBUG] [io.netty.util.internal.PlatformDependent0/]: java.nio.Bits.unaligned: available, true
[225月2026 16:29:17.523] [pool-7-thread-1/DEBUG] [io.netty.util.internal.PlatformDependent0/]: jdk.internal.misc.Unsafe.allocateUninitializedArray(int): unavailable: class io.netty.util.internal.PlatformDependent0$7 (in module io.netty.common) cannot access class jdk.internal.misc.Unsafe (in module java.base) because module java.base does not export jdk.internal.misc to module io.netty.common
[225月2026 16:29:17.525] [pool-7-thread-1/DEBUG] [io.netty.util.internal.PlatformDependent0/]: java.nio.DirectByteBuffer.<init>(long, {int,long}): unavailable
[225月2026 16:29:17.525] [pool-7-thread-1/DEBUG] [io.netty.util.internal.PlatformDependent/]: sun.misc.Unsafe: available
[225月2026 16:29:17.526] [pool-7-thread-1/DEBUG] [io.netty.util.internal.PlatformDependent/]: maxDirectMemory: 4185915392 bytes (maybe)
[225月2026 16:29:17.526] [pool-7-thread-1/DEBUG] [io.netty.util.internal.PlatformDependent/]: -Dio.netty.tmpdir: C:\Users\LHR\AppData\Local\Temp (java.io.tmpdir)
[225月2026 16:29:17.526] [pool-7-thread-1/DEBUG] [io.netty.util.internal.PlatformDependent/]: -Dio.netty.bitMode: 64 (sun.arch.data.model)
[225月2026 16:29:17.527] [pool-7-thread-1/DEBUG] [io.netty.util.internal.PlatformDependent/]: Platform: Windows
[225月2026 16:29:17.528] [pool-7-thread-1/DEBUG] [io.netty.util.internal.PlatformDependent/]: -Dio.netty.maxDirectMemory: -1 bytes
[225月2026 16:29:17.528] [pool-7-thread-1/DEBUG] [io.netty.util.internal.PlatformDependent/]: -Dio.netty.uninitializedArrayAllocationThreshold: -1
[225月2026 16:29:17.529] [pool-7-thread-1/DEBUG] [io.netty.util.internal.CleanerJava9/]: java.nio.ByteBuffer.cleaner(): available
[225月2026 16:29:17.530] [pool-7-thread-1/DEBUG] [io.netty.util.internal.PlatformDependent/]: -Dio.netty.noPreferDirect: false
[225月2026 16:29:22.532] [main/WARN] [net.minecraft.commands.Commands/]: Ambiguity between arguments [teleport, location] and [teleport, destination] with inputs: [0.1 -0.5 .9, 0 0 0]
[225月2026 16:29:22.535] [main/WARN] [net.minecraft.commands.Commands/]: Ambiguity between arguments [teleport, location] and [teleport, targets] with inputs: [0.1 -0.5 .9, 0 0 0]
[225月2026 16:29:22.540] [main/WARN] [net.minecraft.commands.Commands/]: Ambiguity between arguments [teleport, destination] and [teleport, targets] with inputs: [Player, 0123, @e, dd12be42-52a9-4a91-a8a1-11c01849e498]
[225月2026 16:29:22.543] [main/WARN] [net.minecraft.commands.Commands/]: Ambiguity between arguments [teleport, targets] and [teleport, destination] with inputs: [Player, 0123, dd12be42-52a9-4a91-a8a1-11c01849e498]
[225月2026 16:29:22.546] [main/WARN] [net.minecraft.commands.Commands/]: Ambiguity between arguments [teleport, targets, location] and [teleport, targets, destination] with inputs: [0.1 -0.5 .9, 0 0 0]
[225月2026 16:29:22.753] [Render thread/WARN] [net.minecraft.server.packs.VanillaPackResourcesBuilder/]: Assets URL 'union:/C:/Users/LHR/Desktop/TRAE/flan/Flans-Mod-NeoForge-1.21.1/build/moddev/artifacts/neoforge-21.1.228.jar%23189!/assets/.mcassetsroot' uses unexpected schema
[225月2026 16:29:22.754] [Render thread/WARN] [net.minecraft.server.packs.VanillaPackResourcesBuilder/]: Assets URL 'union:/C:/Users/LHR/Desktop/TRAE/flan/Flans-Mod-NeoForge-1.21.1/build/moddev/artifacts/neoforge-21.1.228.jar%23189!/data/.mcassetsroot' uses unexpected schema
[225月2026 16:29:22.793] [Render thread/INFO] [com.mojang.authlib.yggdrasil.YggdrasilAuthenticationService/]: Environment: Environment[sessionHost=https://sessionserver.mojang.com, servicesHost=https://api.minecraftservices.com, name=PROD]
[225月2026 16:29:22.810] [Render thread/INFO] [net.minecraft.client.Minecraft/]: Setting user: Dev
[225月2026 16:29:22.983] [Render thread/INFO] [net.minecraft.client.Minecraft/]: Backend library: LWJGL version 3.3.3+5
[225月2026 16:29:23.235] [Render thread/DEBUG] [net.neoforged.fml.ModWorkManager/LOADING]: Using 8 threads for parallel mod-loading
[225月2026 16:29:23.257] [Render thread/DEBUG] [net.neoforged.fml.javafmlmod.FMLModContainer/LOADING]: Creating FMLModContainer instance for [net.neoforged.neoforge.common.NeoForgeMod, net.neoforged.neoforge.client.ClientNeoForgeMod]
[225月2026 16:29:23.264] [Render thread/DEBUG] [net.neoforged.fml.javafmlmod.FMLModContainer/LOADING]: Creating FMLModContainer instance for [com.flansmodultimate.FlansMod]
[225月2026 16:29:23.306] [modloading-worker-0/DEBUG] [net.neoforged.neoforge.internal.versions.neoforge.NeoForgeVersion/CORE]: Found NeoForge version 21.1.228
[225月2026 16:29:23.306] [modloading-worker-0/DEBUG] [net.neoforged.neoforge.internal.versions.neoforge.NeoForgeVersion/CORE]: Found FML version 4.0.42
[225月2026 16:29:23.307] [modloading-worker-0/INFO] [net.neoforged.neoforge.common.NeoForgeMod/NEOFORGE-MOD]: NeoForge mod loading, version 21.1.228, for MC 1.21.1
[225月2026 16:29:23.348] [modloading-worker-0/DEBUG] [net.neoforged.fml.config.ConfigTracker/CONFIG]: Config file neoforge-client.toml for neoforge tracking
[225月2026 16:29:23.348] [modloading-worker-0/DEBUG] [net.neoforged.fml.config.ConfigTracker/CONFIG]: Config file flansmodultimate-common.toml for flansmodultimate tracking
[225月2026 16:29:23.348] [modloading-worker-0/DEBUG] [net.neoforged.fml.config.ConfigTracker/CONFIG]: Config file neoforge-server.toml for neoforge tracking
[225月2026 16:29:23.349] [modloading-worker-0/DEBUG] [net.neoforged.fml.config.ConfigTracker/CONFIG]: Config file neoforge-common.toml for neoforge tracking
[225月2026 16:29:23.355] [modloading-worker-0/DEBUG] [net.neoforged.fml.config.ConfigTracker/CONFIG]: Config file flansmodultimate-client.toml for flansmodultimate tracking
[225月2026 16:29:23.365] [modloading-worker-0/INFO] [com.flansmodultimate.FlansMod/]: Loading categories
[225月2026 16:29:23.386] [modloading-worker-0/DEBUG] [com.flansmodultimate.FlansMod/]: Loading categories for type armor from file C:\Users\LHR\Desktop\TRAE\flan\Flans-Mod-NeoForge-1.21.1\run\config\flansmodultimate\default\armor_categories.json
[225月2026 16:29:23.387] [modloading-worker-0/DEBUG] [com.flansmodultimate.FlansMod/]: Loading categories for type armor from file C:\Users\LHR\Desktop\TRAE\flan\Flans-Mod-NeoForge-1.21.1\run\config\flansmodultimate\armor_categories.json
[225月2026 16:29:23.388] [modloading-worker-0/DEBUG] [com.flansmodultimate.FlansMod/]: Loading categories for type armor_box from file C:\Users\LHR\Desktop\TRAE\flan\Flans-Mod-NeoForge-1.21.1\run\config\flansmodultimate\default\armor_box_categories.json
[225月2026 16:29:23.388] [modloading-worker-0/DEBUG] [com.flansmodultimate.FlansMod/]: Loading categories for type armor_box from file C:\Users\LHR\Desktop\TRAE\flan\Flans-Mod-NeoForge-1.21.1\run\config\flansmodultimate\armor_box_categories.json
[225月2026 16:29:23.389] [modloading-worker-0/DEBUG] [com.flansmodultimate.FlansMod/]: Loading categories for type attachment from file C:\Users\LHR\Desktop\TRAE\flan\Flans-Mod-NeoForge-1.21.1\run\config\flansmodultimate\default\attachment_categories.json
[225月2026 16:29:23.389] [modloading-worker-0/DEBUG] [com.flansmodultimate.FlansMod/]: Loading categories for type attachment from file C:\Users\LHR\Desktop\TRAE\flan\Flans-Mod-NeoForge-1.21.1\run\config\flansmodultimate\attachment_categories.json
[225月2026 16:29:23.391] [modloading-worker-0/DEBUG] [com.flansmodultimate.FlansMod/]: Loading categories for type bullet from file C:\Users\LHR\Desktop\TRAE\flan\Flans-Mod-NeoForge-1.21.1\run\config\flansmodultimate\default\bullet_categories.json
[225月2026 16:29:23.401] [modloading-worker-0/DEBUG] [com.flansmodultimate.FlansMod/]: Successfully parsed 36 categories from C:\Users\LHR\Desktop\TRAE\flan\Flans-Mod-NeoForge-1.21.1\run\config\flansmodultimate\default\bullet_categories.json
[225月2026 16:29:23.401] [modloading-worker-0/DEBUG] [com.flansmodultimate.FlansMod/]: Loading categories for type bullet from file C:\Users\LHR\Desktop\TRAE\flan\Flans-Mod-NeoForge-1.21.1\run\config\flansmodultimate\bullet_categories.json
[225月2026 16:29:23.401] [modloading-worker-0/INFO] [com.flansmodultimate.FlansMod/]: Loaded 36 categories for bullet type
[225月2026 16:29:23.403] [modloading-worker-0/DEBUG] [com.flansmodultimate.FlansMod/]: Loading categories for type grenade from file C:\Users\LHR\Desktop\TRAE\flan\Flans-Mod-NeoForge-1.21.1\run\config\flansmodultimate\default\grenade_categories.json
[225月2026 16:29:23.403] [modloading-worker-0/DEBUG] [com.flansmodultimate.FlansMod/]: Successfully parsed 10 categories from C:\Users\LHR\Desktop\TRAE\flan\Flans-Mod-NeoForge-1.21.1\run\config\flansmodultimate\default\grenade_categories.json
[225月2026 16:29:23.404] [modloading-worker-0/DEBUG] [com.flansmodultimate.FlansMod/]: Loading categories for type grenade from file C:\Users\LHR\Desktop\TRAE\flan\Flans-Mod-NeoForge-1.21.1\run\config\flansmodultimate\grenade_categories.json
[225月2026 16:29:23.404] [modloading-worker-0/INFO] [com.flansmodultimate.FlansMod/]: Loaded 10 categories for grenade type
[225月2026 16:29:23.406] [modloading-worker-0/DEBUG] [com.flansmodultimate.FlansMod/]: Loading categories for type gun from file C:\Users\LHR\Desktop\TRAE\flan\Flans-Mod-NeoForge-1.21.1\run\config\flansmodultimate\default\gun_categories.json
[225月2026 16:29:23.412] [modloading-worker-0/DEBUG] [com.flansmodultimate.FlansMod/]: Successfully parsed 119 categories from C:\Users\LHR\Desktop\TRAE\flan\Flans-Mod-NeoForge-1.21.1\run\config\flansmodultimate\default\gun_categories.json
[225月2026 16:29:23.412] [modloading-worker-0/DEBUG] [com.flansmodultimate.FlansMod/]: Loading categories for type gun from file C:\Users\LHR\Desktop\TRAE\flan\Flans-Mod-NeoForge-1.21.1\run\config\flansmodultimate\gun_categories.json
[225月2026 16:29:23.412] [modloading-worker-0/INFO] [com.flansmodultimate.FlansMod/]: Loaded 119 categories for gun type
[225月2026 16:29:23.413] [modloading-worker-0/DEBUG] [com.flansmodultimate.FlansMod/]: Loading categories for type gun_box from file C:\Users\LHR\Desktop\TRAE\flan\Flans-Mod-NeoForge-1.21.1\run\config\flansmodultimate\default\gun_box_categories.json
[225月2026 16:29:23.413] [modloading-worker-0/DEBUG] [com.flansmodultimate.FlansMod/]: Loading categories for type gun_box from file C:\Users\LHR\Desktop\TRAE\flan\Flans-Mod-NeoForge-1.21.1\run\config\flansmodultimate\gun_box_categories.json
[225月2026 16:29:23.414] [modloading-worker-0/DEBUG] [com.flansmodultimate.FlansMod/]: Loading categories for type part from file C:\Users\LHR\Desktop\TRAE\flan\Flans-Mod-NeoForge-1.21.1\run\config\flansmodultimate\default\part_categories.json
[225月2026 16:29:23.414] [modloading-worker-0/DEBUG] [com.flansmodultimate.FlansMod/]: Loading categories for type part from file C:\Users\LHR\Desktop\TRAE\flan\Flans-Mod-NeoForge-1.21.1\run\config\flansmodultimate\part_categories.json
[225月2026 16:29:23.415] [modloading-worker-0/DEBUG] [com.flansmodultimate.FlansMod/]: Loading categories for type tool from file C:\Users\LHR\Desktop\TRAE\flan\Flans-Mod-NeoForge-1.21.1\run\config\flansmodultimate\default\tool_categories.json
[225月2026 16:29:23.415] [modloading-worker-0/DEBUG] [com.flansmodultimate.FlansMod/]: Loading categories for type tool from file C:\Users\LHR\Desktop\TRAE\flan\Flans-Mod-NeoForge-1.21.1\run\config\flansmodultimate\tool_categories.json
[225月2026 16:29:23.415] [modloading-worker-0/INFO] [com.flansmodultimate.FlansMod/]: Finished loading categories
[225月2026 16:29:23.427] [modloading-worker-0/INFO] [com.flansmodultimate.FlansMod/]: Content pack found in flan folder: 'Greylight_3.0.1-1.7.10.zip'
[225月2026 16:29:23.428] [modloading-worker-0/INFO] [com.flansmodultimate.FlansMod/]: Content pack found in flan folder: 'M.S. Module Pack(by 2403)[1.31]'
[225月2026 16:29:23.428] [modloading-worker-0/INFO] [com.flansmodultimate.FlansMod/]: Content pack found in flan folder: 'Modern Warfare-Content Pack-1.12.2-5.8.2.zip'
[225月2026 16:29:23.429] [modloading-worker-0/INFO] [com.flansmodultimate.FlansMod/]: Content pack found in flan folder: 'WW2-Content Pack-1.12.2-5.7.2.zip'
[225月2026 16:29:23.429] [modloading-worker-0/INFO] [com.flansmodultimate.FlansMod/]: Content pack found in flan folder: '[W.E]E.M.I Evolution Pack(by 2403)[1.1.2].zip'
[225月2026 16:29:23.465] [modloading-worker-0/DEBUG] [net.neoforged.fml.javafmlmod.AutomaticEventSubscriber/LOADING]: Attempting to inject @EventBusSubscriber classes into the eventbus for neoforge
[225月2026 16:29:23.468] [modloading-worker-0/DEBUG] [net.neoforged.fml.javafmlmod.AutomaticEventSubscriber/LOADING]: Scanning class net.neoforged.neoforge.server.command.ConfigCommand for @SubscribeEvent-annotated methods
[225月2026 16:29:23.469] [modloading-worker-0/DEBUG] [net.neoforged.fml.javafmlmod.AutomaticEventSubscriber/]: Subscribing @EventBusSubscriber class Lnet/neoforged/neoforge/server/command/ConfigCommand; to the game event bus
[225月2026 16:29:23.471] [modloading-worker-0/DEBUG] [net.neoforged.fml.javafmlmod.AutomaticEventSubscriber/LOADING]: Scanning class net.neoforged.neoforge.network.filters.GenericPacketSplitter for @SubscribeEvent-annotated methods
[225月2026 16:29:23.635] [modloading-worker-0/DEBUG] [io.netty.buffer.AbstractByteBuf/]: -Dio.netty.buffer.checkAccessible: true
[225月2026 16:29:23.635] [modloading-worker-0/DEBUG] [io.netty.buffer.AbstractByteBuf/]: -Dio.netty.buffer.checkBounds: true
[225月2026 16:29:23.637] [modloading-worker-0/DEBUG] [io.netty.util.ResourceLeakDetectorFactory/]: Loaded default ResourceLeakDetector: io.netty.util.ResourceLeakDetector@196f0b38
[225月2026 16:29:23.660] [modloading-worker-0/DEBUG] [io.netty.util.internal.InternalThreadLocalMap/]: -Dio.netty.threadLocalMap.stringBuilder.initialSize: 1024
[225月2026 16:29:23.660] [modloading-worker-0/DEBUG] [io.netty.util.internal.InternalThreadLocalMap/]: -Dio.netty.threadLocalMap.stringBuilder.maxSize: 4096
[225月2026 16:29:23.676] [modloading-worker-0/DEBUG] [io.netty.buffer.PooledByteBufAllocator/]: -Dio.netty.allocator.numHeapArenas: 16
[225月2026 16:29:23.676] [modloading-worker-0/DEBUG] [io.netty.buffer.PooledByteBufAllocator/]: -Dio.netty.allocator.numDirectArenas: 16
[225月2026 16:29:23.676] [modloading-worker-0/DEBUG] [io.netty.buffer.PooledByteBufAllocator/]: -Dio.netty.allocator.pageSize: 8192
[225月2026 16:29:23.676] [modloading-worker-0/DEBUG] [io.netty.buffer.PooledByteBufAllocator/]: -Dio.netty.allocator.maxOrder: 9
[225月2026 16:29:23.677] [modloading-worker-0/DEBUG] [io.netty.buffer.PooledByteBufAllocator/]: -Dio.netty.allocator.chunkSize: 4194304
[225月2026 16:29:23.677] [modloading-worker-0/DEBUG] [io.netty.buffer.PooledByteBufAllocator/]: -Dio.netty.allocator.smallCacheSize: 256
[225月2026 16:29:23.677] [modloading-worker-0/DEBUG] [io.netty.buffer.PooledByteBufAllocator/]: -Dio.netty.allocator.normalCacheSize: 64
[225月2026 16:29:23.677] [modloading-worker-0/DEBUG] [io.netty.buffer.PooledByteBufAllocator/]: -Dio.netty.allocator.maxCachedBufferCapacity: 32768
[225月2026 16:29:23.677] [modloading-worker-0/DEBUG] [io.netty.buffer.PooledByteBufAllocator/]: -Dio.netty.allocator.cacheTrimInterval: 8192
[225月2026 16:29:23.677] [modloading-worker-0/DEBUG] [io.netty.buffer.PooledByteBufAllocator/]: -Dio.netty.allocator.cacheTrimIntervalMillis: 0
[225月2026 16:29:23.677] [modloading-worker-0/DEBUG] [io.netty.buffer.PooledByteBufAllocator/]: -Dio.netty.allocator.useCacheForAllThreads: false
[225月2026 16:29:23.677] [modloading-worker-0/DEBUG] [io.netty.buffer.PooledByteBufAllocator/]: -Dio.netty.allocator.maxCachedByteBuffersPerChunk: 1023
[225月2026 16:29:23.693] [modloading-worker-0/DEBUG] [io.netty.buffer.ByteBufUtil/]: -Dio.netty.allocator.type: pooled
[225月2026 16:29:23.694] [modloading-worker-0/DEBUG] [io.netty.buffer.ByteBufUtil/]: -Dio.netty.threadLocalDirectBufferSize: 0
[225月2026 16:29:23.694] [modloading-worker-0/DEBUG] [io.netty.buffer.ByteBufUtil/]: -Dio.netty.maxThreadLocalCharBufferSize: 16384
[225月2026 16:29:23.709] [modloading-worker-0/DEBUG] [net.neoforged.fml.javafmlmod.AutomaticEventSubscriber/]: Subscribing @EventBusSubscriber class Lnet/neoforged/neoforge/network/filters/GenericPacketSplitter; to the mod event bus of mod neoforge
[225月2026 16:29:23.714] [modloading-worker-0/DEBUG] [net.neoforged.fml.javafmlmod.AutomaticEventSubscriber/LOADING]: Scanning class net.neoforged.neoforge.network.NetworkInitialization for @SubscribeEvent-annotated methods
[225月2026 16:29:23.716] [modloading-worker-0/DEBUG] [net.neoforged.fml.javafmlmod.AutomaticEventSubscriber/]: Subscribing @EventBusSubscriber class Lnet/neoforged/neoforge/network/NetworkInitialization; to the mod event bus of mod neoforge
[225月2026 16:29:23.717] [modloading-worker-0/DEBUG] [net.neoforged.fml.javafmlmod.AutomaticEventSubscriber/LOADING]: Scanning class net.neoforged.neoforge.network.ConfigurationInitialization for @SubscribeEvent-annotated methods
[225月2026 16:29:23.722] [modloading-worker-0/DEBUG] [net.neoforged.fml.javafmlmod.AutomaticEventSubscriber/]: Subscribing @EventBusSubscriber class Lnet/neoforged/neoforge/network/ConfigurationInitialization; to the mod event bus of mod neoforge
[225月2026 16:29:23.723] [modloading-worker-0/DEBUG] [net.neoforged.fml.javafmlmod.AutomaticEventSubscriber/LOADING]: Scanning class net.neoforged.neoforge.common.MonsterRoomHooks for @SubscribeEvent-annotated methods
[225月2026 16:29:23.726] [modloading-worker-0/DEBUG] [net.neoforged.fml.javafmlmod.AutomaticEventSubscriber/]: Subscribing @EventBusSubscriber class Lnet/neoforged/neoforge/common/MonsterRoomHooks; to the game event bus
[225月2026 16:29:23.727] [modloading-worker-0/DEBUG] [net.neoforged.fml.javafmlmod.AutomaticEventSubscriber/LOADING]: Scanning class net.neoforged.neoforge.common.DeferredSpawnEggItem$CommonHandler for @SubscribeEvent-annotated methods
[225月2026 16:29:23.731] [modloading-worker-0/DEBUG] [net.neoforged.fml.javafmlmod.AutomaticEventSubscriber/]: Subscribing @EventBusSubscriber class Lnet/neoforged/neoforge/common/DeferredSpawnEggItem$CommonHandler; to the mod event bus of mod neoforge
[225月2026 16:29:23.731] [modloading-worker-0/DEBUG] [net.neoforged.fml.javafmlmod.AutomaticEventSubscriber/LOADING]: Scanning class net.neoforged.neoforge.common.DeferredSpawnEggItem$ColorRegisterHandler for @SubscribeEvent-annotated methods
[225月2026 16:29:23.734] [modloading-worker-0/DEBUG] [net.neoforged.fml.javafmlmod.AutomaticEventSubscriber/]: Subscribing @EventBusSubscriber class Lnet/neoforged/neoforge/common/DeferredSpawnEggItem$ColorRegisterHandler; to the mod event bus of mod neoforge
[225月2026 16:29:23.735] [modloading-worker-0/DEBUG] [net.neoforged.fml.javafmlmod.AutomaticEventSubscriber/LOADING]: Scanning class net.neoforged.neoforge.client.model.data.ModelDataManager for @SubscribeEvent-annotated methods
[225月2026 16:29:23.740] [modloading-worker-0/DEBUG] [net.neoforged.fml.javafmlmod.AutomaticEventSubscriber/]: Subscribing @EventBusSubscriber class Lnet/neoforged/neoforge/client/model/data/ModelDataManager; to the game event bus
[225月2026 16:29:23.741] [modloading-worker-0/DEBUG] [net.neoforged.fml.javafmlmod.AutomaticEventSubscriber/LOADING]: Scanning class net.neoforged.neoforge.client.ParticleBoundsDebugRenderer for @SubscribeEvent-annotated methods
[225月2026 16:29:23.746] [modloading-worker-0/DEBUG] [net.neoforged.fml.javafmlmod.AutomaticEventSubscriber/]: Subscribing @EventBusSubscriber class Lnet/neoforged/neoforge/client/ParticleBoundsDebugRenderer; to the game event bus
[225月2026 16:29:23.747] [modloading-worker-0/DEBUG] [net.neoforged.fml.javafmlmod.AutomaticEventSubscriber/LOADING]: Scanning class net.neoforged.neoforge.client.ClientHooks$ClientEvents for @SubscribeEvent-annotated methods
[225月2026 16:29:23.752] [modloading-worker-0/DEBUG] [net.neoforged.fml.javafmlmod.AutomaticEventSubscriber/]: Subscribing @EventBusSubscriber class Lnet/neoforged/neoforge/client/ClientHooks$ClientEvents; to the mod event bus of mod neoforge
[225月2026 16:29:23.753] [modloading-worker-0/DEBUG] [net.neoforged.fml.javafmlmod.AutomaticEventSubscriber/LOADING]: Scanning class net.neoforged.neoforge.client.BlockEntityRenderBoundsDebugRenderer for @SubscribeEvent-annotated methods
[225月2026 16:29:23.755] [modloading-worker-0/DEBUG] [net.neoforged.fml.javafmlmod.AutomaticEventSubscriber/]: Subscribing @EventBusSubscriber class Lnet/neoforged/neoforge/client/BlockEntityRenderBoundsDebugRenderer; to the game event bus
[225月2026 16:29:23.757] [modloading-worker-0/DEBUG] [net.neoforged.fml.javafmlmod.AutomaticEventSubscriber/LOADING]: Scanning class net.neoforged.neoforge.attachment.AttachmentSync for @SubscribeEvent-annotated methods
[225月2026 16:29:23.764] [modloading-worker-0/DEBUG] [net.neoforged.fml.javafmlmod.AutomaticEventSubscriber/]: Subscribing @EventBusSubscriber class Lnet/neoforged/neoforge/attachment/AttachmentSync; to the game event bus
[225月2026 16:29:23.764] [modloading-worker-0/DEBUG] [net.neoforged.fml.javafmlmod.AutomaticEventSubscriber/LOADING]: Scanning class net.neoforged.neoforge.attachment.AttachmentInternals for @SubscribeEvent-annotated methods
[225月2026 16:29:23.766] [modloading-worker-0/DEBUG] [net.neoforged.fml.javafmlmod.AutomaticEventSubscriber/]: Subscribing @EventBusSubscriber class Lnet/neoforged/neoforge/attachment/AttachmentInternals; to the game event bus
[225月2026 16:29:23.949] [modloading-worker-0/ERROR] [com.flansmodultimate.FlansMod/]: Error in Greylight_3.0.1-1.7.10.zip/attachments/ABT_AmbirconSight.txt: Incorrect format for 'ZoomOverlay': Should be 'ZoomOverlay <single value>'
[225月2026 16:29:23.957] [modloading-worker-0/ERROR] [com.flansmodultimate.FlansMod/]: Error in Greylight_3.0.1-1.7.10.zip/attachments/ABT_ApertureSight.txt: Incorrect format for 'ZoomOverlay': Should be 'ZoomOverlay <single value>'
[225月2026 16:29:23.964] [modloading-worker-0/ERROR] [com.flansmodultimate.FlansMod/]: Error in Greylight_3.0.1-1.7.10.zip/attachments/ABT_ArtilleryBarrel.txt: Incorrect format for 'ZoomOverlay': Should be 'ZoomOverlay <single value>'
[225月2026 16:29:23.977] [modloading-worker-0/ERROR] [com.flansmodultimate.FlansMod/]: Error in Greylight_3.0.1-1.7.10.zip/attachments/ABT_BrassStock.txt: Incorrect format for 'ZoomOverlay': Should be 'ZoomOverlay <single value>'
[225月2026 16:29:23.985] [modloading-worker-0/ERROR] [com.flansmodultimate.FlansMod/]: Error in Greylight_3.0.1-1.7.10.zip/attachments/ABT_CarbineStock.txt: Incorrect format for 'ZoomOverlay': Should be 'ZoomOverlay <single value>'
[225月2026 16:29:23.992] [modloading-worker-0/ERROR] [com.flansmodultimate.FlansMod/]: Error in Greylight_3.0.1-1.7.10.zip/attachments/ABT_LanternFrontrail.txt: Incorrect format for 'ZoomOverlay': Should be 'ZoomOverlay <single value>'
[225月2026 16:29:23.998] [modloading-worker-0/ERROR] [com.flansmodultimate.FlansMod/]: Error in Greylight_3.0.1-1.7.10.zip/attachments/ABT_ModernFrontrail.txt: Incorrect format for 'ZoomOverlay': Should be 'ZoomOverlay <single value>'
[225月2026 16:29:24.007] [modloading-worker-0/ERROR] [com.flansmodultimate.FlansMod/]: Error in Greylight_3.0.1-1.7.10.zip/attachments/ABT_MultiFrontrail.txt: Incorrect format for 'ZoomOverlay': Should be 'ZoomOverlay <single value>'
[225月2026 16:29:24.014] [modloading-worker-0/ERROR] [com.flansmodultimate.FlansMod/]: Error in Greylight_3.0.1-1.7.10.zip/attachments/ABT_PressureStock.txt: Incorrect format for 'ZoomOverlay': Should be 'ZoomOverlay <single value>'
[225月2026 16:29:24.021] [modloading-worker-0/ERROR] [com.flansmodultimate.FlansMod/]: Error in Greylight_3.0.1-1.7.10.zip/attachments/ABT_RoundFrontrail.txt: Incorrect format for 'ZoomOverlay': Should be 'ZoomOverlay <single value>'
[225月2026 16:29:24.029] [modloading-worker-0/ERROR] [com.flansmodultimate.FlansMod/]: Error in Greylight_3.0.1-1.7.10.zip/attachments/ABT_SharedMuzzleBrake.txt: Incorrect format for 'ZoomOverlay': Should be 'ZoomOverlay <single value>'
[225月2026 16:29:24.035] [modloading-worker-0/ERROR] [com.flansmodultimate.FlansMod/]: Error in Greylight_3.0.1-1.7.10.zip/attachments/ABT_SharedSuppressor.txt: Incorrect format for 'ZoomOverlay': Should be 'ZoomOverlay <single value>'
[225月2026 16:29:24.047] [modloading-worker-0/ERROR] [com.flansmodultimate.FlansMod/]: Error in Greylight_3.0.1-1.7.10.zip/attachments/ABT_TritiumSight.txt: Incorrect format for 'ZoomOverlay': Should be 'ZoomOverlay <single value>'
[225月2026 16:29:24.055] [modloading-worker-0/ERROR] [com.flansmodultimate.FlansMod/]: Error in Greylight_3.0.1-1.7.10.zip/attachments/ABT_WalnutStock.txt: Incorrect format for 'ZoomOverlay': Should be 'ZoomOverlay <single value>'
[225月2026 16:29:24.062] [modloading-worker-0/ERROR] [com.flansmodultimate.FlansMod/]: Error in Greylight_3.0.1-1.7.10.zip/attachments/DW_ScopeDetachment.txt: Incorrect format for 'ZoomOverlay': Should be 'ZoomOverlay <single value>'
[225月2026 16:29:24.072] [modloading-worker-0/ERROR] [com.flansmodultimate.FlansMod/]: Error in Greylight_3.0.1-1.7.10.zip/attachments/DW_StockDetachment.txt: Incorrect format for 'ZoomOverlay': Should be 'ZoomOverlay <single value>'
[225月2026 16:29:24.080] [modloading-worker-0/ERROR] [com.flansmodultimate.FlansMod/]: Error in Greylight_3.0.1-1.7.10.zip/attachments/LPM_AimpointSight.txt: Incorrect format for 'ZoomOverlay': Should be 'ZoomOverlay <single value>'
[225月2026 16:29:24.084] [modloading-worker-0/ERROR] [com.flansmodultimate.FlansMod/]: Error in Greylight_3.0.1-1.7.10.zip/attachments/LPM_AngledGrip.txt: Incorrect format for 'ZoomOverlay': Should be 'ZoomOverlay <single value>'
[225月2026 16:29:24.091] [modloading-worker-0/ERROR] [com.flansmodultimate.FlansMod/]: Error in Greylight_3.0.1-1.7.10.zip/attachments/LPM_AssaultFlashlight.txt: Incorrect format for 'ZoomOverlay': Should be 'ZoomOverlay <single value>'
[225月2026 16:29:24.097] [modloading-worker-0/ERROR] [com.flansmodultimate.FlansMod/]: Error in Greylight_3.0.1-1.7.10.zip/attachments/LPM_AssaultGrip.txt: Incorrect format for 'ZoomOverlay': Should be 'ZoomOverlay <single value>'
[225月2026 16:29:24.104] [modloading-worker-0/ERROR] [com.flansmodultimate.FlansMod/]: Error in Greylight_3.0.1-1.7.10.zip/attachments/LPM_CarbineKit.txt: Incorrect format for 'ZoomOverlay': Should be 'ZoomOverlay <single value>'
[225月2026 16:29:24.110] [modloading-worker-0/ERROR] [com.flansmodultimate.FlansMod/]: Error in Greylight_3.0.1-1.7.10.zip/attachments/LPM_ExtendedBarrel.txt: Incorrect format for 'ZoomOverlay': Should be 'ZoomOverlay <single value>'
[225月2026 16:29:24.116] [modloading-worker-0/ERROR] [com.flansmodultimate.FlansMod/]: Error in Greylight_3.0.1-1.7.10.zip/attachments/LPM_HeatsinkCover.txt: Incorrect format for 'ZoomOverlay': Should be 'ZoomOverlay <single value>'
[225月2026 16:29:24.122] [modloading-worker-0/ERROR] [com.flansmodultimate.FlansMod/]: Error in Greylight_3.0.1-1.7.10.zip/attachments/LPM_HoloSight.txt: Incorrect format for 'ZoomOverlay': Should be 'ZoomOverlay <single value>'
[225月2026 16:29:24.130] [modloading-worker-0/ERROR] [com.flansmodultimate.FlansMod/]: Error in Greylight_3.0.1-1.7.10.zip/attachments/LPM_KatAssaultStock.txt: Incorrect format for 'ZoomOverlay': Should be 'ZoomOverlay <single value>'
[225月2026 16:29:24.136] [modloading-worker-0/ERROR] [com.flansmodultimate.FlansMod/]: Error in Greylight_3.0.1-1.7.10.zip/attachments/LPM_PistolFlashlight.txt: Incorrect format for 'ZoomOverlay': Should be 'ZoomOverlay <single value>'
[225月2026 16:29:24.143] [modloading-worker-0/ERROR] [com.flansmodultimate.FlansMod/]: Error in Greylight_3.0.1-1.7.10.zip/attachments/LPM_PistolGrip.txt: Incorrect format for 'ZoomOverlay': Should be 'ZoomOverlay <single value>'
[225月2026 16:29:24.146] [modloading-worker-0/ERROR] [com.flansmodultimate.FlansMod/]: Error in Greylight_3.0.1-1.7.10.zip/attachments/LPM_PistolLaserSight.txt: Incorrect format for 'ZoomOverlay': Should be 'ZoomOverlay <single value>'
[225月2026 16:29:24.153] [modloading-worker-0/ERROR] [com.flansmodultimate.FlansMod/]: Error in Greylight_3.0.1-1.7.10.zip/attachments/LPM_RedDotSight.txt: Incorrect format for 'ZoomOverlay': Should be 'ZoomOverlay <single value>'
[225月2026 16:29:24.158] [modloading-worker-0/ERROR] [com.flansmodultimate.FlansMod/]: Error in Greylight_3.0.1-1.7.10.zip/attachments/LPM_SharedMuzzleBrake.txt: Incorrect format for 'ZoomOverlay': Should be 'ZoomOverlay <single value>'
[225月2026 16:29:24.164] [modloading-worker-0/ERROR] [com.flansmodultimate.FlansMod/]: Error in Greylight_3.0.1-1.7.10.zip/attachments/LPM_SharedSuppressor.txt: Incorrect format for 'ZoomOverlay': Should be 'ZoomOverlay <single value>'
[225月2026 16:29:24.171] [modloading-worker-0/ERROR] [com.flansmodultimate.FlansMod/]: Error in Greylight_3.0.1-1.7.10.zip/attachments/LPM_ShortScope.txt: Incorrect format for 'ZoomOverlay': Should be 'ZoomOverlay <single value>'
[225月2026 16:29:24.183] [modloading-worker-0/ERROR] [com.flansmodultimate.FlansMod/]: Error in Greylight_3.0.1-1.7.10.zip/attachments/LPM_SolidTacticalStock.txt: Incorrect format for 'ZoomOverlay': Should be 'ZoomOverlay <single value>'
[225月2026 16:29:24.189] [modloading-worker-0/ERROR] [com.flansmodultimate.FlansMod/]: Error in Greylight_3.0.1-1.7.10.zip/attachments/LPM_TacticalStock.txt: Incorrect format for 'ZoomOverlay': Should be 'ZoomOverlay <single value>'
[225月2026 16:29:24.195] [modloading-worker-0/ERROR] [com.flansmodultimate.FlansMod/]: Error in Greylight_3.0.1-1.7.10.zip/attachments/LPM_WoodenStock.txt: Incorrect format for 'ZoomOverlay': Should be 'ZoomOverlay <single value>'
[225月2026 16:29:24.199] [modloading-worker-0/ERROR] [com.flansmodultimate.FlansMod/]: Error in Greylight_3.0.1-1.7.10.zip/attachments/SMC_ACSStock.txt: Incorrect format for 'ZoomOverlay': Should be 'ZoomOverlay <single value>'
[225月2026 16:29:24.204] [modloading-worker-0/ERROR] [com.flansmodultimate.FlansMod/]: Error in Greylight_3.0.1-1.7.10.zip/attachments/SMC_AssaultGrip.txt: Incorrect format for 'ZoomOverlay': Should be 'ZoomOverlay <single value>'
[225月2026 16:29:24.215] [modloading-worker-0/ERROR] [com.flansmodultimate.FlansMod/]: Error in Greylight_3.0.1-1.7.10.zip/attachments/SMC_CompactHoloSight.txt: Incorrect format for 'ZoomOverlay': Should be 'ZoomOverlay <single value>'
[225月2026 16:29:24.221] [modloading-worker-0/ERROR] [com.flansmodultimate.FlansMod/]: Error in Greylight_3.0.1-1.7.10.zip/attachments/SMC_EagleStock.txt: Incorrect format for 'ZoomOverlay': Should be 'ZoomOverlay <single value>'
[225月2026 16:29:24.231] [modloading-worker-0/ERROR] [com.flansmodultimate.FlansMod/]: Error in Greylight_3.0.1-1.7.10.zip/attachments/SMC_MilspecSight.txt: Incorrect format for 'ZoomOverlay': Should be 'ZoomOverlay <single value>'
[225月2026 16:29:24.235] [modloading-worker-0/ERROR] [com.flansmodultimate.FlansMod/]: Error in Greylight_3.0.1-1.7.10.zip/attachments/SMC_MuzzleBrake.txt: Incorrect format for 'ZoomOverlay': Should be 'ZoomOverlay <single value>'
[225月2026 16:29:24.248] [modloading-worker-0/ERROR] [com.flansmodultimate.FlansMod/]: Error in Greylight_3.0.1-1.7.10.zip/attachments/SMC_PipeStock.txt: Incorrect format for 'ZoomOverlay': Should be 'ZoomOverlay <single value>'
[225月2026 16:29:24.254] [modloading-worker-0/ERROR] [com.flansmodultimate.FlansMod/]: Error in Greylight_3.0.1-1.7.10.zip/attachments/SMC_PistolCompensator.txt: Incorrect format for 'ZoomOverlay': Should be 'ZoomOverlay <single value>'
[225月2026 16:29:24.261] [modloading-worker-0/ERROR] [com.flansmodultimate.FlansMod/]: Error in Greylight_3.0.1-1.7.10.zip/attachments/SMC_PistolFlashlight.txt: Incorrect format for 'ZoomOverlay': Should be 'ZoomOverlay <single value>'
[225月2026 16:29:24.266] [modloading-worker-0/ERROR] [com.flansmodultimate.FlansMod/]: Error in Greylight_3.0.1-1.7.10.zip/attachments/SMC_PistolSuppressor.txt: Incorrect format for 'ZoomOverlay': Should be 'ZoomOverlay <single value>'
[225月2026 16:29:24.272] [modloading-worker-0/ERROR] [com.flansmodultimate.FlansMod/]: Error in Greylight_3.0.1-1.7.10.zip/attachments/SMC_RailStabiliser.txt: Incorrect format for 'ZoomOverlay': Should be 'ZoomOverlay <single value>'
[225月2026 16:29:24.278] [modloading-worker-0/ERROR] [com.flansmodultimate.FlansMod/]: Error in Greylight_3.0.1-1.7.10.zip/attachments/SMC_RedDotSight.txt: Incorrect format for 'ZoomOverlay': Should be 'ZoomOverlay <single value>'
[225月2026 16:29:24.282] [modloading-worker-0/ERROR] [com.flansmodultimate.FlansMod/]: Error in Greylight_3.0.1-1.7.10.zip/attachments/SMC_ReflexSight.txt: Incorrect format for 'ZoomOverlay': Should be 'ZoomOverlay <single value>'
[225月2026 16:29:24.287] [modloading-worker-0/ERROR] [com.flansmodultimate.FlansMod/]: Error in Greylight_3.0.1-1.7.10.zip/attachments/SMC_RifleSuppressor.txt: Incorrect format for 'ZoomOverlay': Should be 'ZoomOverlay <single value>'
[225月2026 16:29:24.292] [modloading-worker-0/ERROR] [com.flansmodultimate.FlansMod/]: Error in Greylight_3.0.1-1.7.10.zip/attachments/SMC_RoundAccelerator.txt: Incorrect format for 'ZoomOverlay': Should be 'ZoomOverlay <single value>'
[225月2026 16:29:24.298] [modloading-worker-0/ERROR] [com.flansmodultimate.FlansMod/]: Error in Greylight_3.0.1-1.7.10.zip/attachments/SMC_SMTPCStock.txt: Incorrect format for 'ZoomOverlay': Should be 'ZoomOverlay <single value>'
[225月2026 16:29:24.305] [modloading-worker-0/ERROR] [com.flansmodultimate.FlansMod/]: Error in Greylight_3.0.1-1.7.10.zip/attachments/SMC_SolidStock.txt: Incorrect format for 'ZoomOverlay': Should be 'ZoomOverlay <single value>'
[225月2026 16:29:24.310] [modloading-worker-0/ERROR] [com.flansmodultimate.FlansMod/]: Error in Greylight_3.0.1-1.7.10.zip/attachments/SMC_StableGrip.txt: Incorrect format for 'ZoomOverlay': Should be 'ZoomOverlay <single value>'
[225月2026 16:29:24.316] [modloading-worker-0/ERROR] [com.flansmodultimate.FlansMod/]: Error in Greylight_3.0.1-1.7.10.zip/attachments/SMC_StandardFlashlight.txt: Incorrect format for 'ZoomOverlay': Should be 'ZoomOverlay <single value>'
[225月2026 16:29:25.557] [modloading-worker-0/DEBUG] [com.flansmodultimate.FlansMod/]: Greylight_3.0.1-1.7.10.zip: Types loaded in 2,122 ms
[225月2026 16:29:25.568] [modloading-worker-0/INFO] [com.flansmodultimate.FlansMod/]: Reprocessing Greylight_3.0.1-1.7.10.zip...
[225月2026 16:29:29.951] [modloading-worker-0/WARN] [com.flansmodultimate.FlansMod/]: Could not find item 'blazeRod' for recipe in part item 'dwblazitefuelkit' [03_BlaziteFuelKit.txt] in [Greylight_3.0.1-1.7.10.zip], using flansmod:blazerod
[225月2026 16:29:29.977] [modloading-worker-0/WARN] [com.flansmodultimate.FlansMod/]: Could not find item 'diode' for recipe in part item 'dwelectricalunit' [14_ElectricalUnit.txt] in [Greylight_3.0.1-1.7.10.zip], using flansmod:diode
[225月2026 16:29:30.069] [modloading-worker-0/WARN] [com.flansmodultimate.FlansMod/]: Could not find item 'diode' for recipe in part item 'dwmotorpart' [A10_MotorPart.txt] in [Greylight_3.0.1-1.7.10.zip], using flansmod:diode
[225月2026 16:29:30.082] [modloading-worker-0/WARN] [com.flansmodultimate.FlansMod/]: Could not find item 'blazePowder' for recipe in part item 'dwincendiaryround' [B02_IncendiaryRound.txt] in [Greylight_3.0.1-1.7.10.zip], using flansmod:blazepowder
[225月2026 16:29:30.099] [modloading-worker-0/WARN] [com.flansmodultimate.FlansMod/]: Could not find item 'spiderEye' for recipe in part item 'dwpoisonround' [B07_PoisonRound.txt] in [Greylight_3.0.1-1.7.10.zip], using flansmod:spidereye
[225月2026 16:29:30.125] [modloading-worker-0/WARN] [com.flansmodultimate.FlansMod/]: Could not find item 'diode' for recipe in part item 'dwlogiccontrol' [V25_LogicController.txt] in [Greylight_3.0.1-1.7.10.zip], using flansmod:diode
[225月2026 16:29:30.132] [modloading-worker-0/WARN] [com.flansmodultimate.FlansMod/]: Could not find item 'pickaxeIron' for recipe in gun_box item 'extractorblock' [BrassExtractor.txt] in [Greylight_3.0.1-1.7.10.zip], using flansmod:pickaxeiron
[225月2026 16:29:39.738] [modloading-worker-0/INFO] [com.flansmodultimate.FlansMod/]: Loaded content pack Greylight_3.0.1-1.7.10.zip in 16,304 ms.
[225月2026 16:29:40.704] [modloading-worker-0/ERROR] [com.flansmodultimate.FlansMod/]: Error in M.S. Module Pack(by 2403)[1.31]/guns/Box_GRIFFIN_HV1.txt: Incorrect format for 'ShootSound': Should be 'ShootSound <single value>'
[225月2026 16:29:40.705] [modloading-worker-0/ERROR] [com.flansmodultimate.FlansMod/]: Error in M.S. Module Pack(by 2403)[1.31]/guns/Box_GRIFFIN_HV1.txt: Incorrect format for 'ReloadSound': Should be 'ReloadSound <single value>'
[225月2026 16:29:40.707] [modloading-worker-0/ERROR] [com.flansmodultimate.FlansMod/]: Error in M.S. Module Pack(by 2403)[1.31]/guns/Box_GRIFFIN_HV2.txt: Incorrect format for 'ShootSound': Should be 'ShootSound <single value>'
[225月2026 16:29:40.707] [modloading-worker-0/ERROR] [com.flansmodultimate.FlansMod/]: Error in M.S. Module Pack(by 2403)[1.31]/guns/Box_GRIFFIN_HV2.txt: Incorrect format for 'ReloadSound': Should be 'ReloadSound <single value>'
[225月2026 16:29:40.708] [modloading-worker-0/ERROR] [com.flansmodultimate.FlansMod/]: Error in M.S. Module Pack(by 2403)[1.31]/guns/Box_GRIFFIN_HV3.txt: Incorrect format for 'ShootSound': Should be 'ShootSound <single value>'
[225月2026 16:29:40.709] [modloading-worker-0/ERROR] [com.flansmodultimate.FlansMod/]: Error in M.S. Module Pack(by 2403)[1.31]/guns/Box_GRIFFIN_HV3.txt: Incorrect format for 'ReloadSound': Should be 'ReloadSound <single value>'
[225月2026 16:29:40.710] [modloading-worker-0/ERROR] [com.flansmodultimate.FlansMod/]: Error in M.S. Module Pack(by 2403)[1.31]/guns/Box_GRIFFIN_HV4.txt: Incorrect format for 'ShootSound': Should be 'ShootSound <single value>'
[225月2026 16:29:40.711] [modloading-worker-0/ERROR] [com.flansmodultimate.FlansMod/]: Error in M.S. Module Pack(by 2403)[1.31]/guns/Box_GRIFFIN_HV4.txt: Incorrect format for 'ReloadSound': Should be 'ReloadSound <single value>'
[225月2026 16:29:40.712] [modloading-worker-0/ERROR] [com.flansmodultimate.FlansMod/]: Error in M.S. Module Pack(by 2403)[1.31]/guns/Box_TEC4Box.txt: Incorrect format for 'ShootSound': Should be 'ShootSound <single value>'
[225月2026 16:29:40.712] [modloading-worker-0/ERROR] [com.flansmodultimate.FlansMod/]: Error in M.S. Module Pack(by 2403)[1.31]/guns/Box_TEC4Box.txt: Incorrect format for 'ReloadSound': Should be 'ReloadSound <single value>'
[225月2026 16:29:40.713] [modloading-worker-0/ERROR] [com.flansmodultimate.FlansMod/]: Error in M.S. Module Pack(by 2403)[1.31]/guns/Box_TEEXTPBox.txt: Incorrect format for 'ShootSound': Should be 'ShootSound <single value>'
[225月2026 16:29:40.713] [modloading-worker-0/ERROR] [com.flansmodultimate.FlansMod/]: Error in M.S. Module Pack(by 2403)[1.31]/guns/Box_TEEXTPBox.txt: Incorrect format for 'ReloadSound': Should be 'ReloadSound <single value>'
[225月2026 16:29:40.715] [modloading-worker-0/ERROR] [com.flansmodultimate.FlansMod/]: Error in M.S. Module Pack(by 2403)[1.31]/guns/Box_TEGL1Box.txt: Incorrect format for 'ShootSound': Should be 'ShootSound <single value>'
[225月2026 16:29:40.715] [modloading-worker-0/ERROR] [com.flansmodultimate.FlansMod/]: Error in M.S. Module Pack(by 2403)[1.31]/guns/Box_TEGL1Box.txt: Incorrect format for 'ReloadSound': Should be 'ReloadSound <single value>'
[225月2026 16:29:40.716] [modloading-worker-0/ERROR] [com.flansmodultimate.FlansMod/]: Error in M.S. Module Pack(by 2403)[1.31]/guns/Box_TEGL2Box.txt: Incorrect format for 'ShootSound': Should be 'ShootSound <single value>'
[225月2026 16:29:40.716] [modloading-worker-0/ERROR] [com.flansmodultimate.FlansMod/]: Error in M.S. Module Pack(by 2403)[1.31]/guns/Box_TEGL2Box.txt: Incorrect format for 'ReloadSound': Should be 'ReloadSound <single value>'
[225月2026 16:29:40.718] [modloading-worker-0/ERROR] [com.flansmodultimate.FlansMod/]: Error in M.S. Module Pack(by 2403)[1.31]/guns/Box_TEJSGH2Box.txt: Incorrect format for 'ShootSound': Should be 'ShootSound <single value>'
[225月2026 16:29:40.718] [modloading-worker-0/ERROR] [com.flansmodultimate.FlansMod/]: Error in M.S. Module Pack(by 2403)[1.31]/guns/Box_TEJSGH2Box.txt: Incorrect format for 'ReloadSound': Should be 'ReloadSound <single value>'
[225月2026 16:29:40.719] [modloading-worker-0/ERROR] [com.flansmodultimate.FlansMod/]: Error in M.S. Module Pack(by 2403)[1.31]/guns/Box_TEM12FBox.txt: Incorrect format for 'ShootSound': Should be 'ShootSound <single value>'
[225月2026 16:29:40.719] [modloading-worker-0/ERROR] [com.flansmodultimate.FlansMod/]: Error in M.S. Module Pack(by 2403)[1.31]/guns/Box_TEM12FBox.txt: Incorrect format for 'ReloadSound': Should be 'ReloadSound <single value>'
[225月2026 16:29:40.818] [modloading-worker-0/ERROR] [com.flansmodultimate.FlansMod/]: Error in M.S. Module Pack(by 2403)[1.31]/boxes/T_DollBox.txt: Unable to find item 'TEBLSUR' for GunBox, skipping entry: AddGun TEBLSUR 25 Stuff_1 15 Stuff_2 15 Stuff_3 18 Stuff_4
[225月2026 16:29:40.819] [modloading-worker-0/ERROR] [com.flansmodultimate.FlansMod/]: Error in M.S. Module Pack(by 2403)[1.31]/boxes/T_DollBox.txt: Unable to find item 'TEFanet' for GunBox, skipping entry: AddGun TEFanet 48 Stuff_1 35 Stuff_2 25 Stuff_3 35 Stuff_4
[225月2026 16:29:40.820] [modloading-worker-0/ERROR] [com.flansmodultimate.FlansMod/]: Error in M.S. Module Pack(by 2403)[1.31]/boxes/UpgradeBox.txt: Unable to find item 'TEBLSURII' for GunBox, skipping entry: AddGun TEBLSURII 1 TEBLSUR 25 Stuff_1 15 Stuff_2 15 Stuff_3 18 Stuff_4 5 Stuff_6
[225月2026 16:29:40.820] [modloading-worker-0/ERROR] [com.flansmodultimate.FlansMod/]: Error in M.S. Module Pack(by 2403)[1.31]/boxes/UpgradeBox.txt: Unable to find item 'TE020UMP9' for GunBox, skipping entry: AddGun TE020UMP9 25 Stuff_1 15 Stuff_2 15 Stuff_3 18 Stuff_4 5 Stuff_6
[225月2026 16:29:40.820] [modloading-worker-0/ERROR] [com.flansmodultimate.FlansMod/]: Error in M.S. Module Pack(by 2403)[1.31]/boxes/UpgradeBox.txt: Unable to find item 'TE020UMP45' for GunBox, skipping entry: AddGun TE020UMP45 25 Stuff_1 15 Stuff_2 15 Stuff_3 18 Stuff_4 5 Stuff_6
[225月2026 16:29:40.820] [modloading-worker-0/ERROR] [com.flansmodultimate.FlansMod/]: Error in M.S. Module Pack(by 2403)[1.31]/boxes/UpgradeBox.txt: Unable to find item 'TEFanetA1' for GunBox, skipping entry: AddGun TEFanetA1 5 Stuff_1 2 Stuff_3 12 Stuff_4
[225月2026 16:29:40.821] [modloading-worker-0/ERROR] [com.flansmodultimate.FlansMod/]: Error in M.S. Module Pack(by 2403)[1.31]/boxes/UpgradeBox.txt: Unable to find item 'TEFanetA2' for GunBox, skipping entry: AddGun TEFanetA2 15 Stuff_1 10 Stuff_3 15 Stuff_4
[225月2026 16:29:40.821] [modloading-worker-0/ERROR] [com.flansmodultimate.FlansMod/]: Error in M.S. Module Pack(by 2403)[1.31]/boxes/UpgradeBox.txt: Unable to find item 'TEKHAO' for GunBox, skipping entry: AddGun TEKHAO 20 Stuff_1 45 Stuff_3 40 Stuff_4
[225月2026 16:29:40.821] [modloading-worker-0/DEBUG] [com.flansmodultimate.FlansMod/]: M.S. Module Pack(by 2403)[1.31]: Types loaded in 1,083 ms
[225月2026 16:29:40.843] [modloading-worker-0/WARN] [com.flansmodultimate.FlansMod/]: Failed to find 'I' in recipe for attachment item 'teall2' [TEALL2.txt] in [M.S. Module Pack(by 2403)[1.31]]
[225月2026 16:29:40.846] [modloading-worker-0/WARN] [com.flansmodultimate.FlansMod/]: Failed to find 'I' in recipe for attachment item 'teall4' [TEALL4.txt] in [M.S. Module Pack(by 2403)[1.31]]
[225月2026 16:29:40.855] [modloading-worker-0/WARN] [com.flansmodultimate.FlansMod/]: Could not find item 'goldNugget' for recipe in attachment item 'temaxd1' [TEMAXD1.txt] in [M.S. Module Pack(by 2403)[1.31]], using flansmod:goldnugget
[225月2026 16:29:40.901] [modloading-worker-0/WARN] [com.flansmodultimate.FlansMod/]: Could not find item 'TESupply26' for recipe in bullet item '30rifleammo' [30RifleAmmo.txt] in [M.S. Module Pack(by 2403)[1.31]], using flansmod:tesupply26
[225月2026 16:29:40.917] [modloading-worker-0/WARN] [com.flansmodultimate.FlansMod/]: Could not find item 'TESupply26' for recipe in bullet item 'tecobalt2909ammo' [TECobalt2909Ammo.txt] in [M.S. Module Pack(by 2403)[1.31]], using flansmod:tesupply26
[225月2026 16:29:40.925] [modloading-worker-0/WARN] [com.flansmodultimate.FlansMod/]: Could not find item 'TESupply26' for recipe in bullet item 'tekineticss07ammo' [TEKineticsS07Ammo.txt] in [M.S. Module Pack(by 2403)[1.31]], using flansmod:tesupply26
[225月2026 16:29:40.989] [modloading-worker-0/WARN] [com.flansmodultimate.FlansMod/]: Could not find item 'stonebricksmooth' for recipe in gun_box item 'stuff_box' [Stuff_Box.txt] in [M.S. Module Pack(by 2403)[1.31]], using flansmod:stonebricksmooth
[225月2026 16:29:40.992] [modloading-worker-0/WARN] [com.flansmodultimate.FlansMod/]: Could not find item 'stonebricksmooth' for recipe in gun_box item 't_dollbox' [T_DollBox.txt] in [M.S. Module Pack(by 2403)[1.31]], using flansmod:stonebricksmooth
[225月2026 16:29:40.994] [modloading-worker-0/WARN] [com.flansmodultimate.FlansMod/]: Could not find item 'stonebricksmooth' for recipe in gun_box item 'upgradebox' [UpgradeBox.txt] in [M.S. Module Pack(by 2403)[1.31]], using flansmod:stonebricksmooth
[225月2026 16:29:47.435] [modloading-worker-0/INFO] [com.flansmodultimate.FlansMod/]: Loaded content pack M.S. Module Pack(by 2403)[1.31] in 7,696 ms.
[225月2026 16:29:48.859] [modloading-worker-0/ERROR] [com.flansmodultimate.FlansMod/]: Error in Modern Warfare-Content Pack-1.12.2-5.8.2.zip/guns/B4CrossBow.txt: Incorrect format for 'Mode Mode': Not one of: SEMIAUTO, FULLAUTO, MINIGUN, BURST
[225月2026 16:29:49.265] [modloading-worker-0/DEBUG] [com.flansmodultimate.FlansMod/]: Modern Warfare-Content Pack-1.12.2-5.8.2.zip: Types loaded in 1,830 ms
[225月2026 16:29:49.272] [modloading-worker-0/INFO] [com.flansmodultimate.FlansMod/]: Reprocessing Modern Warfare-Content Pack-1.12.2-5.8.2.zip...
[225月2026 16:29:58.876] [modloading-worker-0/WARN] [com.flansmodultimate.FlansMod/]: Could not find item 'smallBomb' for recipe in bullet item 'mim23ammo' [MIM23Ammo.txt] in [Modern Warfare-Content Pack-1.12.2-5.8.2.zip], using flansmod:smallbomb
[225月2026 16:29:58.878] [modloading-worker-0/WARN] [com.flansmodultimate.FlansMod/]: Could not find item 'smallBomb' for recipe in bullet item 'mk4rocket' [Mk4Rocket.txt] in [Modern Warfare-Content Pack-1.12.2-5.8.2.zip], using flansmod:smallbomb
[225月2026 16:29:58.883] [modloading-worker-0/WARN] [com.flansmodultimate.FlansMod/]: Could not find item 'flansmodapocalypse:flanSulphur' for recipe in part item 'highexgunpowder' [HighExplosiveGunpowder.txt] in [Modern Warfare-Content Pack-1.12.2-5.8.2.zip], using flansmodapocalypse:flansulphur
[225月2026 16:30:13.766] [modloading-worker-0/INFO] [com.flansmodultimate.FlansMod/]: Loaded content pack Modern Warfare-Content Pack-1.12.2-5.8.2.zip in 26,330 ms.
[225月2026 16:30:13.865] [modloading-worker-0/ERROR] [com.flansmodultimate.FlansMod/]: Error in WW2-Content Pack-1.12.2-5.7.2.zip/attachments/ZF4Scope.txt: Incorrect format for 'ModelScale': Should be 'ModelScale <single value>'
[225月2026 16:30:14.677] [modloading-worker-0/DEBUG] [com.flansmodultimate.FlansMod/]: WW2-Content Pack-1.12.2-5.7.2.zip: Types loaded in 910 ms
[225月2026 16:30:14.820] [modloading-worker-0/INFO] [com.flansmodultimate.FlansMod/]: Reprocessing WW2-Content Pack-1.12.2-5.7.2.zip...
[225月2026 16:30:23.902] [modloading-worker-0/INFO] [com.flansmodultimate.FlansMod/]: Loaded content pack WW2-Content Pack-1.12.2-5.7.2.zip in 10,136 ms.
[225月2026 16:30:24.486] [modloading-worker-0/ERROR] [com.flansmodultimate.FlansMod/]: Error in [W.E]E.M.I Evolution Pack(by 2403)[1.1.2].zip/bullets/EMITwoSineAmmo.txt: Incorrect format for 'Penetrates Falst': Not a boolean
[225月2026 16:30:24.921] [modloading-worker-0/DEBUG] [com.flansmodultimate.FlansMod/]: [W.E]E.M.I Evolution Pack(by 2403)[1.1.2].zip: Types loaded in 1,019 ms
[225月2026 16:30:25.427] [modloading-worker-0/INFO] [com.flansmodultimate.FlansMod/]: Reprocessing [W.E]E.M.I Evolution Pack(by 2403)[1.1.2].zip...
[225月2026 16:30:27.633] [modloading-worker-0/WARN] [com.flansmodultimate.FlansMod/]: Could not find item 'stonebricksmooth' for recipe in gun_box item 'emi2' [EMI2.txt] in [[W.E]E.M.I Evolution Pack(by 2403)[1.1.2].zip], using flansmod:stonebricksmooth
[225月2026 16:30:27.636] [modloading-worker-0/WARN] [com.flansmodultimate.FlansMod/]: Could not find item 'stonebricksmooth' for recipe in gun_box item 'emi3' [EMI3.txt] in [[W.E]E.M.I Evolution Pack(by 2403)[1.1.2].zip], using flansmod:stonebricksmooth
[225月2026 16:30:31.358] [modloading-worker-0/INFO] [com.flansmodultimate.FlansMod/]: Loaded content pack [W.E]E.M.I Evolution Pack(by 2403)[1.1.2].zip in 7,456 ms.
[225月2026 16:30:31.374] [modloading-worker-0/DEBUG] [net.neoforged.fml.javafmlmod.AutomaticEventSubscriber/LOADING]: Attempting to inject @EventBusSubscriber classes into the eventbus for flansmodultimate
[225月2026 16:30:31.374] [modloading-worker-0/DEBUG] [net.neoforged.fml.javafmlmod.AutomaticEventSubscriber/LOADING]: Scanning class com.flansmodultimate.common.digitalammo.DigitalAmmoStorageHandler for @SubscribeEvent-annotated methods
[225月2026 16:30:31.376] [modloading-worker-0/DEBUG] [net.neoforged.fml.javafmlmod.AutomaticEventSubscriber/]: Subscribing @EventBusSubscriber class Lcom/flansmodultimate/common/digitalammo/DigitalAmmoStorageHandler; to the game event bus
[225月2026 16:30:31.378] [modloading-worker-0/DEBUG] [net.neoforged.fml.javafmlmod.AutomaticEventSubscriber/LOADING]: Scanning class com.flansmodultimate.common.digitalammo.DigitalAmmoSupplyHandler for @SubscribeEvent-annotated methods
[225月2026 16:30:31.380] [modloading-worker-0/DEBUG] [net.neoforged.fml.javafmlmod.AutomaticEventSubscriber/]: Subscribing @EventBusSubscriber class Lcom/flansmodultimate/common/digitalammo/DigitalAmmoSupplyHandler; to the game event bus
[225月2026 16:30:31.381] [modloading-worker-0/DEBUG] [net.neoforged.fml.javafmlmod.AutomaticEventSubscriber/LOADING]: Scanning class com.flansmodultimate.event.handler.ClientEventHandler for @SubscribeEvent-annotated methods
[225月2026 16:30:31.392] [modloading-worker-0/DEBUG] [net.neoforged.fml.javafmlmod.AutomaticEventSubscriber/]: Subscribing @EventBusSubscriber class Lcom/flansmodultimate/event/handler/ClientEventHandler; to the game event bus
[225月2026 16:30:31.395] [modloading-worker-0/DEBUG] [net.neoforged.fml.javafmlmod.AutomaticEventSubscriber/LOADING]: Scanning class com.flansmodultimate.event.handler.CommonEventHandler for @SubscribeEvent-annotated methods
[225月2026 16:30:31.400] [modloading-worker-0/DEBUG] [net.neoforged.fml.javafmlmod.AutomaticEventSubscriber/]: Subscribing @EventBusSubscriber class Lcom/flansmodultimate/event/handler/CommonEventHandler; to the game event bus
[225月2026 16:30:31.404] [modloading-worker-0/DEBUG] [net.neoforged.fml.javafmlmod.AutomaticEventSubscriber/LOADING]: Scanning class com.flansmodultimate.event.handler.ModClientEventHandler for @SubscribeEvent-annotated methods
[225月2026 16:30:31.424] [modloading-worker-0/DEBUG] [net.neoforged.fml.javafmlmod.AutomaticEventSubscriber/]: Subscribing @EventBusSubscriber class Lcom/flansmodultimate/event/handler/ModClientEventHandler; to the mod event bus of mod flansmodultimate
[225月2026 16:30:31.429] [modloading-worker-0/DEBUG] [net.neoforged.fml.javafmlmod.AutomaticEventSubscriber/LOADING]: Scanning class com.flansmodultimate.event.handler.ModCommonEventHandler for @SubscribeEvent-annotated methods
[225月2026 16:30:31.431] [modloading-worker-0/DEBUG] [net.neoforged.fml.javafmlmod.AutomaticEventSubscriber/]: Subscribing @EventBusSubscriber class Lcom/flansmodultimate/event/handler/ModCommonEventHandler; to the mod event bus of mod flansmodultimate
[225月2026 16:30:31.433] [modloading-worker-0/DEBUG] [net.neoforged.fml.javafmlmod.AutomaticEventSubscriber/LOADING]: Scanning class com.flansmodultimate.network.PacketHandler for @SubscribeEvent-annotated methods
[225月2026 16:30:31.436] [modloading-worker-0/DEBUG] [net.neoforged.fml.javafmlmod.AutomaticEventSubscriber/]: Subscribing @EventBusSubscriber class Lcom/flansmodultimate/network/PacketHandler; to the mod event bus of mod flansmodultimate
[225月2026 16:30:31.908] [modloading-sync-worker/DEBUG] [net.neoforged.fml.config.ConfigTracker/CONFIG]: Loading configs type CLIENT
[225月2026 16:30:31.934] [modloading-sync-worker/DEBUG] [net.neoforged.neoforge.common.NeoForgeConfig/FORGEMOD]: Loaded NeoForge config file neoforge-client.toml
[225月2026 16:30:31.934] [modloading-sync-worker/DEBUG] [net.neoforged.fml.config.ConfigTracker/CONFIG]: Loaded TOML config file C:\Users\LHR\Desktop\TRAE\flan\Flans-Mod-NeoForge-1.21.1\run\config\neoforge-client.toml
[225月2026 16:30:31.954] [modloading-sync-worker/DEBUG] [net.neoforged.fml.config.ConfigTracker/CONFIG]: Watching TOML config file C:\Users\LHR\Desktop\TRAE\flan\Flans-Mod-NeoForge-1.21.1\run\config\neoforge-client.toml for changes
[225月2026 16:30:31.960] [modloading-sync-worker/DEBUG] [net.neoforged.fml.config.ConfigTracker/CONFIG]: Loaded TOML config file C:\Users\LHR\Desktop\TRAE\flan\Flans-Mod-NeoForge-1.21.1\run\config\flansmodultimate-client.toml
[225月2026 16:30:31.961] [modloading-sync-worker/DEBUG] [net.neoforged.fml.config.ConfigTracker/CONFIG]: Watching TOML config file C:\Users\LHR\Desktop\TRAE\flan\Flans-Mod-NeoForge-1.21.1\run\config\flansmodultimate-client.toml for changes
[225月2026 16:30:31.961] [modloading-sync-worker/DEBUG] [net.neoforged.fml.config.ConfigTracker/CONFIG]: Loading configs type COMMON
[225月2026 16:30:31.988] [modloading-sync-worker/DEBUG] [net.neoforged.fml.config.ConfigTracker/CONFIG]: Loaded TOML config file C:\Users\LHR\Desktop\TRAE\flan\Flans-Mod-NeoForge-1.21.1\run\config\flansmodultimate-common.toml
[225月2026 16:30:31.989] [modloading-sync-worker/DEBUG] [net.neoforged.fml.config.ConfigTracker/CONFIG]: Watching TOML config file C:\Users\LHR\Desktop\TRAE\flan\Flans-Mod-NeoForge-1.21.1\run\config\flansmodultimate-common.toml for changes
[225月2026 16:30:31.991] [modloading-sync-worker/DEBUG] [net.neoforged.neoforge.common.NeoForgeConfig/FORGEMOD]: Loaded NeoForge config file neoforge-common.toml
[225月2026 16:30:31.991] [modloading-sync-worker/DEBUG] [net.neoforged.fml.config.ConfigTracker/CONFIG]: Loaded TOML config file C:\Users\LHR\Desktop\TRAE\flan\Flans-Mod-NeoForge-1.21.1\run\config\neoforge-common.toml
[225月2026 16:30:31.992] [modloading-sync-worker/DEBUG] [net.neoforged.fml.config.ConfigTracker/CONFIG]: Watching TOML config file C:\Users\LHR\Desktop\TRAE\flan\Flans-Mod-NeoForge-1.21.1\run\config\neoforge-common.toml for changes
[225月2026 16:30:33.175] [Render thread/INFO] [net.neoforged.neoforge.gametest.GameTestHooks/]: Enabled Gametest Namespaces: [flansmodultimate]
[225月2026 16:30:33.312] [Render thread/DEBUG] [mixin/]: Mixing HumanoidArmorLayerMixin from flansmodultimate.mixins.json into net.minecraft.client.renderer.entity.layers.HumanoidArmorLayer
[225月2026 16:30:33.423] [Render thread/DEBUG] [mixin/]: flansmodultimate.mixins.json:HumanoidArmorLayerMixin from mod flansmodultimate->@Inject::skipCustomArmorRendering(Lcom/mojang/blaze3d/vertex/PoseStack;Lnet/minecraft/client/renderer/MultiBufferSource;Lnet/minecraft/world/entity/LivingEntity;Lnet/minecraft/world/entity/EquipmentSlot;ILnet/minecraft/client/model/HumanoidModel;Lorg/spongepowered/asm/mixin/injection/callback/CallbackInfo;)V does use it's CallbackInfo
[225月2026 16:30:34.184] [Render thread/INFO] [net.minecraft.server.packs.resources.ReloadableResourceManager/]: Reloading ResourceManager: vanilla, mod_resources, mod/neoforge, mod/flansmodultimate, file/WW2-Content Pack-1.12.2-5.7.2.zip, file/Greylight_3.0.1-1.7.10.zip, file/M.S. Module Pack(by 2403)[1.31], file/Modern Warfare-Content Pack-1.12.2-5.8.2.zip, file/[W.E]E.M.I Evolution Pack(by 2403)[1.1.2].zip
[225月2026 16:30:34.338] [Render thread/DEBUG] [net.neoforged.fml.DeferredWorkQueue/LOADING]: Dispatching synchronous work for work queue Common setup: 1 jobs
[225月2026 16:30:34.340] [Render thread/DEBUG] [net.neoforged.fml.DeferredWorkQueue/LOADING]: Synchronous work queue completed in 1.411 ms
[225月2026 16:30:34.729] [Worker-Main-1/INFO] [net.minecraft.client.gui.font.providers.UnihexProvider/]: Found unifont_all_no_pua-15.1.05.hex, loading
[225月2026 16:30:34.761] [Worker-Main-5/WARN] [net.minecraft.client.sounds.SoundManager/]: File flansmod:sounds/_dawnfield8fire.ogg does not exist, cannot add it to event flansmod:_dawnfield8fire
[225月2026 16:30:34.762] [Worker-Main-5/WARN] [net.minecraft.client.sounds.SoundManager/]: File flansmod:sounds/_flightchaserfire.ogg does not exist, cannot add it to event flansmod:_flightchaserfire
[225月2026 16:30:34.767] [Worker-Main-5/WARN] [net.minecraft.client.sounds.SoundManager/]: File flansmod:sounds/cssrsshoot.ogg does not exist, cannot add it to event flansmod:cssrsshoot
[225月2026 16:30:34.768] [Worker-Main-5/WARN] [net.minecraft.client.sounds.SoundManager/]: File flansmod:sounds/csw1300shoot.ogg does not exist, cannot add it to event flansmod:csw1300shoot
[225月2026 16:30:34.772] [Worker-Main-5/WARN] [net.minecraft.client.sounds.SoundManager/]: File flansmod:sounds/honeybadgerreload.ogg does not exist, cannot add it to event flansmod:honeybadgerreload
[225月2026 16:30:34.773] [Worker-Main-5/WARN] [net.minecraft.client.sounds.SoundManager/]: File flansmod:sounds/hcarreload.ogg does not exist, cannot add it to event flansmod:hcarreload
[225月2026 16:30:34.773] [Worker-Main-5/WARN] [net.minecraft.client.sounds.SoundManager/]: File flansmod:sounds/automaticannihilation100shoot.ogg does not exist, cannot add it to event flansmod:automaticannihilation100shoot
[225月2026 16:30:34.775] [Worker-Main-5/WARN] [net.minecraft.client.sounds.SoundManager/]: File flansmod:sounds/w1300shoot.ogg does not exist, cannot add it to event flansmod:w1300shoot
[225月2026 16:30:35.197] [Render thread/DEBUG] [net.neoforged.fml.DeferredWorkQueue/LOADING]: Dispatching synchronous work for work queue Sided setup: 1 jobs
[225月2026 16:30:35.228] [Render thread/DEBUG] [net.neoforged.fml.DeferredWorkQueue/LOADING]: Synchronous work queue completed in 30.50 ms
[225月2026 16:30:35.269] [Worker-Main-5/INFO] [net.minecraft.client.gui.font.providers.UnihexProvider/]: Found unifont_jp_patch-15.1.05.hex, loading
[225月2026 16:30:46.006] [Render thread/WARN] [net.minecraft.client.sounds.SoundEngine/]: Missing sound for event: minecraft:item.goat_horn.play
[225月2026 16:30:46.007] [Render thread/WARN] [net.minecraft.client.sounds.SoundEngine/]: Missing sound for event: minecraft:entity.goat.screaming.horn_break
[225月2026 16:30:46.007] [Render thread/WARN] [net.minecraft.client.sounds.SoundEngine/]: Missing sound for event: flansmod:bullet_hit
[225月2026 16:30:46.008] [Render thread/WARN] [net.minecraft.client.sounds.SoundEngine/]: Missing sound for event: flansmod:_pup762fire
[225月2026 16:30:46.008] [Render thread/WARN] [net.minecraft.client.sounds.SoundEngine/]: Missing sound for event: flansmod:msammo_mz1
[225月2026 16:30:46.008] [Render thread/WARN] [net.minecraft.client.sounds.SoundEngine/]: Missing sound for event: flansmod:msammo_mz2
[225月2026 16:30:46.008] [Render thread/WARN] [net.minecraft.client.sounds.SoundEngine/]: Missing sound for event: flansmod:ms_dwshoot
[225月2026 16:30:46.008] [Render thread/WARN] [net.minecraft.client.sounds.SoundEngine/]: Missing sound for event: flansmod:paw20shoot
[225月2026 16:30:46.008] [Render thread/WARN] [net.minecraft.client.sounds.SoundEngine/]: Missing sound for event: flansmod:paw20reload
[225月2026 16:30:46.009] [Render thread/WARN] [net.minecraft.client.sounds.SoundEngine/]: Missing sound for event: flansmod:sidewinder7shoot
[225月2026 16:30:46.009] [Render thread/WARN] [net.minecraft.client.sounds.SoundEngine/]: Missing sound for event: flansmod:sidewinder7reload
[225月2026 16:30:46.009] [Render thread/WARN] [net.minecraft.client.sounds.SoundEngine/]: Missing sound for event: flansmod:voltv3shoot
[225月2026 16:30:46.009] [Render thread/WARN] [net.minecraft.client.sounds.SoundEngine/]: Missing sound for event: flansmod:voltv3reload
[225月2026 16:30:46.009] [Render thread/WARN] [net.minecraft.client.sounds.SoundEngine/]: Missing sound for event: flansmod:flakexplode
[225月2026 16:30:46.087] [Render thread/INFO] [com.mojang.blaze3d.audio.Library/]: OpenAL initialized on device OpenAL Soft on Realtek HD Audio 2nd output (Realtek(R) Audio)
[225月2026 16:30:46.087] [Render thread/INFO] [net.minecraft.client.sounds.SoundEngine/SOUNDS]: Sound engine started
[225月2026 16:30:46.091] [Render thread/WARN] [com.flansmodultimate.FlansMod/]: Missing sound flansmod:bullet_hit: bullets/101_gs5ammo.txt [Greylight_3.0.1-1.7.10.zip]
[225月2026 16:30:46.091] [Render thread/WARN] [com.flansmodultimate.FlansMod/]: Missing sound flansmod:_pup762fire: guns/322_LPM_Dzky103.txt [Greylight_3.0.1-1.7.10.zip]
[225月2026 16:30:46.091] [Render thread/WARN] [com.flansmodultimate.FlansMod/]: Missing sound flansmod:msammo_mz1: bullets/100RifleAmmo1.txt [M.S. Module Pack(by 2403)[1.31]]
[225月2026 16:30:46.091] [Render thread/WARN] [com.flansmodultimate.FlansMod/]: Missing sound flansmod:msammo_mz2: bullets/TEMK2051Ammo.txt [M.S. Module Pack(by 2403)[1.31]]
[225月2026 16:30:46.092] [Render thread/WARN] [com.flansmodultimate.FlansMod/]: Missing sound flansmod:ms_dwshoot: guns/22LR_Cobalt2909.txt [M.S. Module Pack(by 2403)[1.31]]
[225月2026 16:30:46.092] [Render thread/WARN] [com.flansmodultimate.FlansMod/]: Missing sound flansmod:paw20reload: guns/PAW20.txt [Modern Warfare-Content Pack-1.12.2-5.8.2.zip]
[225月2026 16:30:46.092] [Render thread/WARN] [com.flansmodultimate.FlansMod/]: Missing sound flansmod:paw20shoot: guns/PAW20.txt [Modern Warfare-Content Pack-1.12.2-5.8.2.zip]
[225月2026 16:30:46.092] [Render thread/WARN] [com.flansmodultimate.FlansMod/]: Missing sound flansmod:sidewinder7shoot: guns/SideWinder7.txt [Modern Warfare-Content Pack-1.12.2-5.8.2.zip]
[225月2026 16:30:46.092] [Render thread/WARN] [com.flansmodultimate.FlansMod/]: Missing sound flansmod:sidewinder7reload: guns/SideWinder7.txt [Modern Warfare-Content Pack-1.12.2-5.8.2.zip]
[225月2026 16:30:46.092] [Render thread/WARN] [com.flansmodultimate.FlansMod/]: Missing sound flansmod:voltv3shoot: guns/VoltV3.txt [Modern Warfare-Content Pack-1.12.2-5.8.2.zip]
[225月2026 16:30:46.092] [Render thread/WARN] [com.flansmodultimate.FlansMod/]: Missing sound flansmod:voltv3reload: guns/VoltV3.txt [Modern Warfare-Content Pack-1.12.2-5.8.2.zip]
[225月2026 16:30:46.092] [Render thread/WARN] [com.flansmodultimate.FlansMod/]: Missing sound flansmod:flakexplode: bullets/BoforsAmmo.txt [WW2-Content Pack-1.12.2-5.7.2.zip]
[225月2026 16:30:46.332] [Render thread/INFO] [net.minecraft.client.renderer.texture.TextureAtlas/]: Created: 2048x2048x4 minecraft:textures/atlas/blocks.png-atlas
[225月2026 16:30:50.096] [Render thread/INFO] [net.minecraft.client.renderer.texture.TextureAtlas/]: Created: 256x256x4 minecraft:textures/atlas/signs.png-atlas
[225月2026 16:30:50.145] [Render thread/INFO] [net.minecraft.client.renderer.texture.TextureAtlas/]: Created: 512x512x4 minecraft:textures/atlas/shield_patterns.png-atlas
[225月2026 16:30:50.314] [Render thread/INFO] [net.minecraft.client.renderer.texture.TextureAtlas/]: Created: 512x512x4 minecraft:textures/atlas/banner_patterns.png-atlas
[225月2026 16:30:50.502] [Render thread/INFO] [net.minecraft.client.renderer.texture.TextureAtlas/]: Created: 1024x1024x4 minecraft:textures/atlas/armor_trims.png-atlas
[225月2026 16:30:52.402] [Render thread/INFO] [net.minecraft.client.renderer.texture.TextureAtlas/]: Created: 128x64x4 minecraft:textures/atlas/decorated_pot.png-atlas
[225月2026 16:30:52.415] [Render thread/INFO] [net.minecraft.client.renderer.texture.TextureAtlas/]: Created: 256x256x4 minecraft:textures/atlas/chest.png-atlas
[225月2026 16:30:52.423] [Render thread/INFO] [net.minecraft.client.renderer.texture.TextureAtlas/]: Created: 512x256x4 minecraft:textures/atlas/shulker_boxes.png-atlas
[225月2026 16:30:52.437] [Render thread/INFO] [net.minecraft.client.renderer.texture.TextureAtlas/]: Created: 512x256x4 minecraft:textures/atlas/beds.png-atlas
[225月2026 16:30:52.612] [Render thread/INFO] [net.minecraft.client.renderer.texture.TextureAtlas/]: Created: 512x512x0 minecraft:textures/atlas/particles.png-atlas
[225月2026 16:30:52.631] [Render thread/INFO] [net.minecraft.client.renderer.texture.TextureAtlas/]: Created: 512x256x0 minecraft:textures/atlas/paintings.png-atlas
[225月2026 16:30:52.638] [Render thread/INFO] [net.minecraft.client.renderer.texture.TextureAtlas/]: Created: 256x128x0 minecraft:textures/atlas/mob_effects.png-atlas
[225月2026 16:30:52.642] [Render thread/INFO] [net.minecraft.client.renderer.texture.TextureAtlas/]: Created: 64x64x0 minecraft:textures/atlas/map_decorations.png-atlas
[225月2026 16:30:52.644] [Render thread/INFO] [net.minecraft.client.renderer.texture.TextureAtlas/]: Created: 1024x512x0 minecraft:textures/atlas/gui.png-atlas
[225月2026 16:30:53.059] [Render thread/WARN] [net.minecraft.client.renderer.ShaderInstance/]: Shader rendertype_entity_translucent_emissive could not find sampler named Sampler2 in the specified shader program.
[225月2026 16:30:53.884] [Render thread/INFO] [net.neoforged.neoforge.client.entity.animation.json.AnimationLoader/]: Loaded 0 entity animations
[225月2026 16:30:55.948] [Render thread/INFO] [net.minecraft.server.packs.resources.ReloadableResourceManager/]: Reloading ResourceManager: vanilla, mod_resources, mod/neoforge, mod/flansmodultimate, file/WW2-Content Pack-1.12.2-5.7.2.zip, file/Greylight_3.0.1-1.7.10.zip, file/M.S. Module Pack(by 2403)[1.31], file/Modern Warfare-Content Pack-1.12.2-5.8.2.zip, file/[W.E]E.M.I Evolution Pack(by 2403)[1.1.2].zip
[225月2026 16:30:55.973] [Worker-Main-5/INFO] [net.minecraft.client.gui.font.providers.UnihexProvider/]: Found unifont_all_no_pua-15.1.05.hex, loading
[225月2026 16:30:56.058] [Worker-Main-1/WARN] [net.minecraft.client.sounds.SoundManager/]: File flansmod:sounds/_dawnfield8fire.ogg does not exist, cannot add it to event flansmod:_dawnfield8fire
[225月2026 16:30:56.059] [Worker-Main-1/WARN] [net.minecraft.client.sounds.SoundManager/]: File flansmod:sounds/_flightchaserfire.ogg does not exist, cannot add it to event flansmod:_flightchaserfire
[225月2026 16:30:56.060] [Worker-Main-1/WARN] [net.minecraft.client.sounds.SoundManager/]: File flansmod:sounds/cssrsshoot.ogg does not exist, cannot add it to event flansmod:cssrsshoot
[225月2026 16:30:56.061] [Worker-Main-1/WARN] [net.minecraft.client.sounds.SoundManager/]: File flansmod:sounds/csw1300shoot.ogg does not exist, cannot add it to event flansmod:csw1300shoot
[225月2026 16:30:56.062] [Worker-Main-1/WARN] [net.minecraft.client.sounds.SoundManager/]: File flansmod:sounds/honeybadgerreload.ogg does not exist, cannot add it to event flansmod:honeybadgerreload
[225月2026 16:30:56.062] [Worker-Main-1/WARN] [net.minecraft.client.sounds.SoundManager/]: File flansmod:sounds/hcarreload.ogg does not exist, cannot add it to event flansmod:hcarreload
[225月2026 16:30:56.063] [Worker-Main-1/WARN] [net.minecraft.client.sounds.SoundManager/]: File flansmod:sounds/automaticannihilation100shoot.ogg does not exist, cannot add it to event flansmod:automaticannihilation100shoot
[225月2026 16:30:56.063] [Worker-Main-1/WARN] [net.minecraft.client.sounds.SoundManager/]: File flansmod:sounds/w1300shoot.ogg does not exist, cannot add it to event flansmod:w1300shoot
[225月2026 16:30:56.205] [Worker-Main-5/INFO] [net.minecraft.client.gui.font.providers.UnihexProvider/]: Found unifont_jp_patch-15.1.05.hex, loading
[225月2026 16:31:01.575] [Render thread/WARN] [net.minecraft.client.sounds.SoundEngine/]: Missing sound for event: minecraft:item.goat_horn.play
[225月2026 16:31:01.575] [Render thread/WARN] [net.minecraft.client.sounds.SoundEngine/]: Missing sound for event: minecraft:entity.goat.screaming.horn_break
[225月2026 16:31:01.576] [Render thread/WARN] [net.minecraft.client.sounds.SoundEngine/]: Missing sound for event: flansmod:bullet_hit
[225月2026 16:31:01.576] [Render thread/WARN] [net.minecraft.client.sounds.SoundEngine/]: Missing sound for event: flansmod:_pup762fire
[225月2026 16:31:01.576] [Render thread/WARN] [net.minecraft.client.sounds.SoundEngine/]: Missing sound for event: flansmod:msammo_mz1
[225月2026 16:31:01.576] [Render thread/WARN] [net.minecraft.client.sounds.SoundEngine/]: Missing sound for event: flansmod:msammo_mz2
[225月2026 16:31:01.576] [Render thread/WARN] [net.minecraft.client.sounds.SoundEngine/]: Missing sound for event: flansmod:ms_dwshoot
[225月2026 16:31:01.576] [Render thread/WARN] [net.minecraft.client.sounds.SoundEngine/]: Missing sound for event: flansmod:paw20shoot
[225月2026 16:31:01.576] [Render thread/WARN] [net.minecraft.client.sounds.SoundEngine/]: Missing sound for event: flansmod:paw20reload
[225月2026 16:31:01.576] [Render thread/WARN] [net.minecraft.client.sounds.SoundEngine/]: Missing sound for event: flansmod:sidewinder7shoot
[225月2026 16:31:01.576] [Render thread/WARN] [net.minecraft.client.sounds.SoundEngine/]: Missing sound for event: flansmod:sidewinder7reload
[225月2026 16:31:01.576] [Render thread/WARN] [net.minecraft.client.sounds.SoundEngine/]: Missing sound for event: flansmod:voltv3shoot
[225月2026 16:31:01.576] [Render thread/WARN] [net.minecraft.client.sounds.SoundEngine/]: Missing sound for event: flansmod:voltv3reload
[225月2026 16:31:01.576] [Render thread/WARN] [net.minecraft.client.sounds.SoundEngine/]: Missing sound for event: flansmod:flakexplode
[225月2026 16:31:01.634] [Render thread/INFO] [com.mojang.blaze3d.audio.Library/]: OpenAL initialized on device OpenAL Soft on Realtek HD Audio 2nd output (Realtek(R) Audio)
[225月2026 16:31:01.635] [Render thread/INFO] [net.minecraft.client.sounds.SoundEngine/SOUNDS]: Sound engine started
[225月2026 16:31:01.636] [Render thread/WARN] [com.flansmodultimate.FlansMod/]: Missing sound flansmod:bullet_hit: bullets/101_gs5ammo.txt [Greylight_3.0.1-1.7.10.zip]
[225月2026 16:31:01.636] [Render thread/WARN] [com.flansmodultimate.FlansMod/]: Missing sound flansmod:_pup762fire: guns/322_LPM_Dzky103.txt [Greylight_3.0.1-1.7.10.zip]
[225月2026 16:31:01.636] [Render thread/WARN] [com.flansmodultimate.FlansMod/]: Missing sound flansmod:msammo_mz1: bullets/100RifleAmmo1.txt [M.S. Module Pack(by 2403)[1.31]]
[225月2026 16:31:01.636] [Render thread/WARN] [com.flansmodultimate.FlansMod/]: Missing sound flansmod:msammo_mz2: bullets/TEMK2051Ammo.txt [M.S. Module Pack(by 2403)[1.31]]
[225月2026 16:31:01.636] [Render thread/WARN] [com.flansmodultimate.FlansMod/]: Missing sound flansmod:ms_dwshoot: guns/22LR_Cobalt2909.txt [M.S. Module Pack(by 2403)[1.31]]
[225月2026 16:31:01.636] [Render thread/WARN] [com.flansmodultimate.FlansMod/]: Missing sound flansmod:paw20reload: guns/PAW20.txt [Modern Warfare-Content Pack-1.12.2-5.8.2.zip]
[225月2026 16:31:01.636] [Render thread/WARN] [com.flansmodultimate.FlansMod/]: Missing sound flansmod:paw20shoot: guns/PAW20.txt [Modern Warfare-Content Pack-1.12.2-5.8.2.zip]
[225月2026 16:31:01.636] [Render thread/WARN] [com.flansmodultimate.FlansMod/]: Missing sound flansmod:sidewinder7shoot: guns/SideWinder7.txt [Modern Warfare-Content Pack-1.12.2-5.8.2.zip]
[225月2026 16:31:01.636] [Render thread/WARN] [com.flansmodultimate.FlansMod/]: Missing sound flansmod:sidewinder7reload: guns/SideWinder7.txt [Modern Warfare-Content Pack-1.12.2-5.8.2.zip]
[225月2026 16:31:01.636] [Render thread/WARN] [com.flansmodultimate.FlansMod/]: Missing sound flansmod:voltv3shoot: guns/VoltV3.txt [Modern Warfare-Content Pack-1.12.2-5.8.2.zip]
[225月2026 16:31:01.636] [Render thread/WARN] [com.flansmodultimate.FlansMod/]: Missing sound flansmod:voltv3reload: guns/VoltV3.txt [Modern Warfare-Content Pack-1.12.2-5.8.2.zip]
[225月2026 16:31:01.636] [Render thread/WARN] [com.flansmodultimate.FlansMod/]: Missing sound flansmod:flakexplode: bullets/BoforsAmmo.txt [WW2-Content Pack-1.12.2-5.7.2.zip]
[225月2026 16:31:01.689] [Render thread/INFO] [net.minecraft.client.renderer.texture.TextureAtlas/]: Created: 2048x2048x4 minecraft:textures/atlas/blocks.png-atlas
[225月2026 16:31:04.348] [Render thread/INFO] [net.minecraft.client.renderer.texture.TextureAtlas/]: Created: 256x256x4 minecraft:textures/atlas/signs.png-atlas
[225月2026 16:31:04.386] [Render thread/INFO] [net.minecraft.client.renderer.texture.TextureAtlas/]: Created: 512x512x4 minecraft:textures/atlas/shield_patterns.png-atlas
[225月2026 16:31:04.473] [Render thread/INFO] [net.minecraft.client.renderer.texture.TextureAtlas/]: Created: 512x512x4 minecraft:textures/atlas/banner_patterns.png-atlas
[225月2026 16:31:04.558] [Render thread/INFO] [net.minecraft.client.renderer.texture.TextureAtlas/]: Created: 1024x1024x4 minecraft:textures/atlas/armor_trims.png-atlas
[225月2026 16:31:05.890] [Render thread/INFO] [net.minecraft.client.renderer.texture.TextureAtlas/]: Created: 128x64x4 minecraft:textures/atlas/decorated_pot.png-atlas
[225月2026 16:31:05.891] [Render thread/INFO] [net.minecraft.client.renderer.texture.TextureAtlas/]: Created: 256x256x4 minecraft:textures/atlas/chest.png-atlas
[225月2026 16:31:05.891] [Render thread/INFO] [net.minecraft.client.renderer.texture.TextureAtlas/]: Created: 512x256x4 minecraft:textures/atlas/shulker_boxes.png-atlas
[225月2026 16:31:05.892] [Render thread/INFO] [net.minecraft.client.renderer.texture.TextureAtlas/]: Created: 512x256x4 minecraft:textures/atlas/beds.png-atlas
[225月2026 16:31:05.902] [Render thread/INFO] [net.minecraft.client.renderer.texture.TextureAtlas/]: Created: 512x512x0 minecraft:textures/atlas/particles.png-atlas
[225月2026 16:31:05.913] [Render thread/INFO] [net.minecraft.client.renderer.texture.TextureAtlas/]: Created: 512x256x0 minecraft:textures/atlas/paintings.png-atlas
[225月2026 16:31:05.917] [Render thread/INFO] [net.minecraft.client.renderer.texture.TextureAtlas/]: Created: 256x128x0 minecraft:textures/atlas/mob_effects.png-atlas
[225月2026 16:31:05.919] [Render thread/INFO] [net.minecraft.client.renderer.texture.TextureAtlas/]: Created: 64x64x0 minecraft:textures/atlas/map_decorations.png-atlas
[225月2026 16:31:05.920] [Render thread/INFO] [net.minecraft.client.renderer.texture.TextureAtlas/]: Created: 1024x512x0 minecraft:textures/atlas/gui.png-atlas
[225月2026 16:31:06.286] [Render thread/WARN] [net.minecraft.client.renderer.ShaderInstance/]: Shader rendertype_entity_translucent_emissive could not find sampler named Sampler2 in the specified shader program.
[225月2026 16:31:06.955] [Render thread/INFO] [net.neoforged.neoforge.client.entity.animation.json.AnimationLoader/]: Loaded 0 entity animations
[225月2026 16:31:14.239] [Render thread/INFO] [net.minecraft.world.item.crafting.RecipeManager/]: Loaded 1290 recipes
[225月2026 16:31:14.427] [Render thread/INFO] [net.minecraft.advancements.AdvancementTree/]: Loaded 1399 advancements
[225月2026 16:31:15.011] [Render thread/DEBUG] [net.neoforged.neoforge.common.CommonHooks/WP]: Gathered mod list to write to world save 新的世界
[225月2026 16:31:15.066] [Server thread/INFO] [net.minecraft.client.server.IntegratedServer/]: Starting integrated minecraft server version 1.21.1
[225月2026 16:31:15.066] [Server thread/INFO] [net.minecraft.server.MinecraftServer/]: Generating keypair
[225月2026 16:31:15.174] [Server thread/DEBUG] [net.neoforged.fml.config.ConfigTracker/CONFIG]: Loading configs type SERVER
[225月2026 16:31:15.176] [Server thread/DEBUG] [net.neoforged.neoforge.common.NeoForgeConfig/FORGEMOD]: Loaded NeoForge config file neoforge-server.toml
[225月2026 16:31:15.176] [Server thread/DEBUG] [net.neoforged.fml.config.ConfigTracker/CONFIG]: Loaded TOML config file C:\Users\LHR\Desktop\TRAE\flan\Flans-Mod-NeoForge-1.21.1\run\config\neoforge-server.toml
[225月2026 16:31:15.176] [Server thread/DEBUG] [net.neoforged.fml.config.ConfigTracker/CONFIG]: Watching TOML config file C:\Users\LHR\Desktop\TRAE\flan\Flans-Mod-NeoForge-1.21.1\run\config\neoforge-server.toml for changes
[225月2026 16:31:19.119] [Server thread/INFO] [net.minecraft.server.MinecraftServer/]: Preparing start region for dimension minecraft:overworld
[225月2026 16:31:19.959] [progressListener/INFO] [net.minecraft.server.level.progress.LoggerChunkProgressListener/]: 准备生成区域中：0%
[225月2026 16:31:19.960] [progressListener/INFO] [net.minecraft.server.level.progress.LoggerChunkProgressListener/]: 准备生成区域中：0%
[225月2026 16:31:20.254] [Server thread/INFO] [net.neoforged.neoforge.server.permission.PermissionAPI/]: Successfully initialized permission handler neoforge:default_handler
[225月2026 16:31:20.258] [progressListener/INFO] [net.minecraft.server.level.progress.LoggerChunkProgressListener/]: Time elapsed: 1123 ms
[225月2026 16:31:20.345] [Server thread/INFO] [net.minecraft.client.server.IntegratedServer/]: Changing view distance to 12, from 10
[225月2026 16:31:20.345] [Server thread/INFO] [net.minecraft.client.server.IntegratedServer/]: Changing simulation distance to 12, from 0
[225月2026 16:31:20.378] [Render thread/DEBUG] [io.netty.channel.MultithreadEventLoopGroup/]: -Dio.netty.eventLoopThreads: 16
[225月2026 16:31:20.399] [Render thread/DEBUG] [io.netty.util.concurrent.GlobalEventExecutor/]: -Dio.netty.globalEventExecutor.quietPeriodSeconds: 1
[225月2026 16:31:20.417] [Render thread/DEBUG] [io.netty.channel.nio.NioEventLoop/]: -Dio.netty.noKeySetOptimization: false
[225月2026 16:31:20.417] [Render thread/DEBUG] [io.netty.channel.nio.NioEventLoop/]: -Dio.netty.selectorAutoRebuildThreshold: 512
[225月2026 16:31:20.432] [Render thread/DEBUG] [io.netty.util.internal.PlatformDependent/]: org.jctools-core.MpscChunkedArrayQueue: available
[225月2026 16:31:20.491] [Render thread/DEBUG] [io.netty.channel.DefaultChannelId/]: -Dio.netty.processId: 17208 (auto-detected)
[225月2026 16:31:20.494] [Render thread/DEBUG] [io.netty.util.NetUtil/]: -Djava.net.preferIPv4Stack: false
[225月2026 16:31:20.495] [Render thread/DEBUG] [io.netty.util.NetUtil/]: -Djava.net.preferIPv6Addresses: system
[225月2026 16:31:20.500] [Render thread/DEBUG] [io.netty.util.NetUtilInitializations/]: Loopback interface: loopback_0 (Software Loopback Interface 1, 0:0:0:0:0:0:0:1)
[225月2026 16:31:20.505] [Render thread/DEBUG] [io.netty.util.NetUtil/]: Failed to get SOMAXCONN from sysctl and file \proc\sys\net\core\somaxconn. Default: 200
[225月2026 16:31:20.508] [Render thread/DEBUG] [io.netty.channel.DefaultChannelId/]: -Dio.netty.machineId: 00:00:00:00:00:00:00:e0 (auto-detected)
[225月2026 16:31:20.661] [Render thread/DEBUG] [io.netty.util.Recycler/]: -Dio.netty.recycler.maxCapacityPerThread: 4096
[225月2026 16:31:20.661] [Render thread/DEBUG] [io.netty.util.Recycler/]: -Dio.netty.recycler.ratio: 8
[225月2026 16:31:20.661] [Render thread/DEBUG] [io.netty.util.Recycler/]: -Dio.netty.recycler.chunkSize: 32
[225月2026 16:31:20.661] [Render thread/DEBUG] [io.netty.util.Recycler/]: -Dio.netty.recycler.blocking: false
[225月2026 16:31:20.661] [Render thread/DEBUG] [io.netty.util.Recycler/]: -Dio.netty.recycler.batchFastThreadLocalOnly: true
[225月2026 16:31:21.083] [Netty Server IO #1/DEBUG] [net.neoforged.neoforge.network.filters.NetworkFilters/]: Injected net.neoforged.neoforge.network.filters.GenericPacketSplitter@101ede4c into net.minecraft.network.Connection@52ed7435
[225月2026 16:31:21.105] [Netty Local Client IO #0/DEBUG] [net.neoforged.neoforge.network.filters.NetworkFilters/]: Injected net.neoforged.neoforge.network.filters.GenericPacketSplitter@5315b21f into net.minecraft.network.Connection@5a22736c
[225月2026 16:31:21.775] [Netty Server IO #1/DEBUG] [net.neoforged.neoforge.network.filters.NetworkFilters/]: Injected net.neoforged.neoforge.network.filters.GenericPacketSplitter@3d46fa8a into net.minecraft.network.Connection@52ed7435
[225月2026 16:31:21.902] [Server thread/INFO] [net.minecraft.server.players.PlayerList/]: Dev[local:E:bdc08f70] logged in with entity id 18 at (-133.70026297714273, 135.0, -61.83647135919706)
[225月2026 16:31:22.068] [Server thread/INFO] [net.minecraft.server.MinecraftServer/]: Dev加入了游戏
[225月2026 16:31:22.625] [Render thread/INFO] [net.minecraft.advancements.AdvancementTree/]: Loaded 62 advancements
[225月2026 16:31:38.116] [Server thread/INFO] [net.minecraft.client.server.IntegratedServer/]: Saving and pausing game...
[225月2026 16:31:38.156] [Server thread/INFO] [net.minecraft.server.MinecraftServer/]: Saving chunks for level 'ServerLevel[新的世界]'/minecraft:overworld
[225月2026 16:31:38.197] [Server thread/INFO] [net.minecraft.server.MinecraftServer/]: Saving chunks for level 'ServerLevel[新的世界]'/minecraft:the_end
[225月2026 16:31:38.197] [Server thread/INFO] [net.minecraft.server.MinecraftServer/]: Saving chunks for level 'ServerLevel[新的世界]'/minecraft:the_nether
[225月2026 16:31:38.202] [Server thread/DEBUG] [net.neoforged.neoforge.common.CommonHooks/WP]: Gathered mod list to write to world save 新的世界
[225月2026 16:31:38.925] [Server thread/INFO] [net.minecraft.server.network.ServerGamePacketListenerImpl/]: Dev lost connection: 连接中断
[225月2026 16:31:38.925] [Server thread/INFO] [net.minecraft.server.MinecraftServer/]: Dev退出了游戏
[225月2026 16:31:38.959] [Server thread/INFO] [net.minecraft.server.network.ServerCommonPacketListenerImpl/]: Stopping singleplayer server as player logged out
[225月2026 16:31:39.015] [Server thread/INFO] [net.minecraft.server.MinecraftServer/]: Stopping server
[225月2026 16:31:39.015] [Server thread/INFO] [net.minecraft.server.MinecraftServer/]: Saving players
[225月2026 16:31:39.016] [Server thread/INFO] [net.minecraft.server.MinecraftServer/]: Saving worlds
[225月2026 16:31:40.111] [Server thread/INFO] [net.minecraft.server.MinecraftServer/]: Saving chunks for level 'ServerLevel[新的世界]'/minecraft:overworld
[225月2026 16:31:40.616] [Server thread/INFO] [net.minecraft.server.MinecraftServer/]: Saving chunks for level 'ServerLevel[新的世界]'/minecraft:the_end
[225月2026 16:31:40.624] [Server thread/INFO] [net.minecraft.server.MinecraftServer/]: Saving chunks for level 'ServerLevel[新的世界]'/minecraft:the_nether
[225月2026 16:31:40.632] [Server thread/DEBUG] [net.neoforged.neoforge.common.CommonHooks/WP]: Gathered mod list to write to world save 新的世界
[225月2026 16:31:40.645] [Server thread/INFO] [net.minecraft.server.MinecraftServer/]: ThreadedAnvilChunkStorage (新的世界): All chunks are saved
[225月2026 16:31:40.645] [Server thread/INFO] [net.minecraft.server.MinecraftServer/]: ThreadedAnvilChunkStorage (DIM1): All chunks are saved
[225月2026 16:31:40.645] [Server thread/INFO] [net.minecraft.server.MinecraftServer/]: ThreadedAnvilChunkStorage (DIM-1): All chunks are saved
[225月2026 16:31:40.645] [Server thread/INFO] [net.minecraft.server.MinecraftServer/]: ThreadedAnvilChunkStorage: All dimensions are saved
[225月2026 16:31:40.662] [Server thread/DEBUG] [net.neoforged.fml.config.ConfigTracker/CONFIG]: Unloading configs type SERVER
[225月2026 16:31:41.980] [Render thread/INFO] [net.minecraft.client.Minecraft/]: Stopping!
